2026-01-28 13:18:38,301 - root - INFO - Initialized exchange: binance
2026-01-28 13:18:38,301 - root - INFO - Bot is starting...
2026-01-28 13:18:38,301 - root - INFO - Security Monitoring started...
2026-01-28 13:18:38,301 - root - INFO - Scanning binance for new transactions...
2026-01-28 13:18:38,869 - root - ERROR - Error fetching transactions from binance: binance {"code":-2008,"msg":"Invalid Api-Key ID."}
2026-01-28 13:18:43,870 - root - INFO - Scanning binance for new transactions...
2026-01-28 13:18:44,123 - root - ERROR - Error fetching transactions from binance: binance {"code":-2008,"msg":"Invalid Api-Key ID."}
2026-01-28 13:18:49,124 - root - INFO - Scanning binance for new transactions...
2026-01-28 13:18:49,383 - root - ERROR - Error fetching transactions from binance: binance {"code":-2008,"msg":"Invalid Api-Key ID."}
2026-01-28 13:18:54,384 - root - INFO - Scanning binance for new transactions...
2026-01-28 13:18:54,639 - root - ERROR - Error fetching transactions from binance: binance {"code":-2008,"msg":"Invalid Api-Key ID."}
2026-01-28 13:18:59,640 - root - INFO - Scanning binance for new transactions...
2026-01-28 13:18:59,892 - root - ERROR - Error fetching transactions from binance: binance {"code":-2008,"msg":"Invalid Api-Key ID."}
2026-01-28 13:19:04,893 - root - INFO - Scanning binance for new transactions...
2026-01-28 13:19:05,143 - root - ERROR - Error fetching transactions from binance: binance {"code":-2008,"msg":"Invalid Api-Key ID."}
2026-01-28 13:19:10,144 - root - INFO - Scanning binance for new transactions...
2026-01-28 13:19:10,403 - root - ERROR - Error fetching transactions from binance: binance {"code":-2008,"msg":"Invalid Api-Key ID."}
2026-01-28 13:19:15,404 - root - INFO - Scanning binance for new transactions...
2026-01-28 13:19:15,656 - root - ERROR - Error fetching transactions from binance: binance {"code":-2008,"msg":"Invalid Api-Key ID."}
2026-01-28 13:19:20,657 - root - INFO - Scanning binance for new transactions...
2026-01-28 13:19:20,916 - root - ERROR - Error fetching transactions from binance: binance {"code":-2008,"msg":"Invalid Api-Key ID."}
2026-01-28 13:19:25,917 - root - INFO - Scanning binance for new transactions...
2026-01-28 13:19:26,174 - root - ERROR - Error fetching transactions from binance: binance {"code":-2008,"msg":"Invalid Api-Key ID."}
2026-01-28 13:19:31,175 - root - INFO - Scanning binance for new transactions...
2026-01-28 13:19:31,434 - root - ERROR - Error fetching transactions from binance: binance {"code":-2008,"msg":"Invalid Api-Key ID."}
2026-01-28 13:19:36,435 - root - INFO - Scanning binance for new transactions...
2026-01-28 13:19:36,693 - root - ERROR - Error fetching transactions from binance: binance {"code":-2008,"msg":"Invalid Api-Key ID."}
2026-01-28 13:19:41,694 - root - INFO - Scanning binance for new transactions...
2026-01-28 13:19:41,951 - root - ERROR - Error fetching transactions from binance: binance {"code":-2008,"msg":"Invalid Api-Key ID."}
2026-01-28 13:19:46,952 - root - INFO - Scanning binance for new transactions...
2026-01-28 13:19:47,637 - root - ERROR - Error fetching transactions from binance: binance {"code":-2008,"msg":"Invalid Api-Key ID."}
2026-01-28 13:19:52,637 - root - INFO - Scanning binance for new transactions...
2026-01-28 13:19:52,892 - root - ERROR - Error fetching transactions from binance: binance {"code":-2008,"msg":"Invalid Api-Key ID."}
2026-01-28 13:19:57,894 - root - INFO - Scanning binance for new transactions...
2026-01-28 13:19:58,150 - root - ERROR - Error fetching transactions from binance: binance {"code":-2008,"msg":"Invalid Api-Key ID."}
2026-01-28 13:20:03,151 - root - INFO - Scanning binance for new transactions...
2026-01-28 13:20:03,404 - root - ERROR - Error fetching transactions from binance: binance {"code":-2008,"msg":"Invalid Api-Key ID."}
2026-01-28 13:20:08,405 - root - INFO - Scanning binance for new transactions...
2026-01-28 13:20:08,660 - root - ERROR - Error fetching transactions from binance: binance {"code":-2008,"msg":"Invalid Api-Key ID."}
2026-01-28 13:20:13,661 - root - INFO - Scanning binance for new transactions...
2026-01-28 13:20:13,912 - root - ERROR - Error fetching transactions from binance: binance {"code":-2008,"msg":"Invalid Api-Key ID."}
2026-01-28 13:20:18,913 - root - INFO - Scanning binance for new transactions...
2026-01-28 13:20:19,168 - root - ERROR - Error fetching transactions from binance: binance {"code":-2008,"msg":"Invalid Api-Key ID."}
2026-01-28 13:20:24,168 - root - INFO - Scanning binance for new transactions...
2026-01-28 13:20:24,422 - root - ERROR - Error fetching transactions from binance: binance {"code":-2008,"msg":"Invalid Api-Key ID."}
2026-01-28 13:20:29,423 - root - INFO - Scanning binance for new transactions...
2026-01-28 13:20:29,676 - root - ERROR - Error fetching transactions from binance: binance {"code":-2008,"msg":"Invalid Api-Key ID."}
2026-01-28 13:20:34,677 - root - INFO - Scanning binance for new transactions...
2026-01-28 13:20:34,928 - root - ERROR - Error fetching transactions from binance: binance {"code":-2008,"msg":"Invalid Api-Key ID."}
2026-01-28 13:20:39,930 - root - INFO - Scanning binance for new transactions...
2026-01-28 13:20:40,183 - root - ERROR - Error fetching transactions from binance: binance {"code":-2008,"msg":"Invalid Api-Key ID."}
2026-01-28 13:20:45,184 - root - INFO - Scanning binance for new transactions...
2026-01-28 13:20:45,440 - root - ERROR - Error fetching transactions from binance: binance {"code":-2008,"msg":"Invalid Api-Key ID."}
2026-01-28 13:20:50,440 - root - INFO - Scanning binance for new transactions...
2026-01-28 13:20:50,693 - root - ERROR - Error fetching transactions from binance: binance {"code":-2008,"msg":"Invalid Api-Key ID."}
2026-01-28 13:20:55,693 - root - INFO - Scanning binance for new transactions...
2026-01-28 13:20:55,947 - root - ERROR - Error fetching transactions from binance: binance {"code":-2008,"msg":"Invalid Api-Key ID."}
2026-01-28 13:21:00,948 - root - INFO - Scanning binance for new transactions...
2026-01-28 13:21:01,205 - root - ERROR - Error fetching transactions from binance: binance {"code":-2008,"msg":"Invalid Api-Key ID."}
2026-01-28 13:21:06,206 - root - INFO - Scanning binance for new transactions...
2026-01-28 13:21:06,460 - root - ERROR - Error fetching transactions from binance: binance {"code":-2008,"msg":"Invalid Api-Key ID."}
2026-01-28 13:21:11,461 - root - INFO - Scanning binance for new transactions...
2026-01-28 13:21:11,716 - root - ERROR - Error fetching transactions from binance: binance {"code":-2008,"msg":"Invalid Api-Key ID."}
2026-01-28 13:21:16,717 - root - INFO - Scanning binance for new transactions...
2026-01-28 13:21:16,971 - root - ERROR - Error fetching transactions from binance: binance {"code":-2008,"msg":"Invalid Api-Key ID."}
2026-01-28 13:21:21,972 - root - INFO - Scanning binance for new transactions...
2026-01-28 13:21:22,230 - root - ERROR - Error fetching transactions from binance: binance {"code":-2008,"msg":"Invalid Api-Key ID."}
2026-01-28 13:21:27,231 - root - INFO - Scanning binance for new transactions...
2026-01-28 13:21:27,487 - root - ERROR - Error fetching transactions from binance: binance {"code":-2008,"msg":"Invalid Api-Key ID."}
2026-01-28 13:21:32,487 - root - INFO - Scanning binance for new transactions...
2026-01-28 13:21:32,740 - root - ERROR - Error fetching transactions from binance: binance {"code":-2008,"msg":"Invalid Api-Key ID."}
2026-01-28 13:21:37,741 - root - INFO - Scanning binance for new transactions...
2026-01-28 13:21:37,994 - root - ERROR - Error fetching transactions from binance: binance {"code":-2008,"msg":"Invalid Api-Key ID."}
2026-01-28 13:21:42,994 - root - INFO - Scanning binance for new transactions...
2026-01-28 13:21:43,269 - root - ERROR - Error fetching transactions from binance: binance {"code":-2008,"msg":"Invalid Api-Key ID."}
2026-01-28 13:21:48,270 - root - INFO - Scanning binance for new transactions...
2026-01-28 13:21:48,525 - root - ERROR - Error fetching transactions from binance: binance {"code":-2008,"msg":"Invalid Api-Key ID."}
2026-01-28 13:21:53,527 - root - INFO - Scanning binance for new transactions...
2026-01-28 13:21:53,785 - root - ERROR - Error fetching transactions from binance: binance {"code":-2008,"msg":"Invalid Api-Key ID."}
2026-01-28 13:21:58,786 - root - INFO - Scanning binance for new transactions...
2026-01-28 13:21:59,037 - root - ERROR - Error fetching transactions from binance: binance {"code":-2008,"msg":"Invalid Api-Key ID."}
2026-01-28 13:22:04,038 - root - INFO - Scanning binance for new transactions...
2026-01-28 13:22:04,293 - root - ERROR - Error fetching transactions from binance: binance {"code":-2008,"msg":"Invalid Api-Key ID."}
2026-01-28 13:22:09,294 - root - INFO - Scanning binance for new transactions...
2026-01-28 13:22:09,547 - root - ERROR - Error fetching transactions from binance: binance {"code":-2008,"msg":"Invalid Api-Key ID."}
2026-01-28 13:22:14,548 - root - INFO - Scanning binance for new transactions...
2026-01-28 13:22:14,805 - root - ERROR - Error fetching transactions from binance: binance {"code":-2008,"msg":"Invalid Api-Key ID."}
2026-01-28 13:22:19,805 - root - INFO - Scanning binance for new transactions...
2026-01-28 13:22:20,057 - root - ERROR - Error fetching transactions from binance: binance {"code":-2008,"msg":"Invalid Api-Key ID."}
2026-01-28 13:22:25,058 - root - INFO - Scanning binance for new transactions...
2026-01-28 13:22:25,315 - root - ERROR - Error fetching transactions from binance: binance {"code":-2008,"msg":"Invalid Api-Key ID."}
2026-01-28 13:22:30,316 - root - INFO - Scanning binance for new transactions...
2026-01-28 13:22:30,570 - root - ERROR - Error fetching transactions from binance: binance {"code":-2008,"msg":"Invalid Api-Key ID."}
2026-01-28 13:22:35,571 - root - INFO - Scanning binance for new transactions...
2026-01-28 13:22:35,833 - root - ERROR - Error fetching transactions from binance: binance {"code":-2008,"msg":"Invalid Api-Key ID."}
2026-01-28 13:22:40,833 - root - INFO - Scanning binance for new transactions...
2026-01-28 13:22:41,093 - root - ERROR - Error fetching transactions from binance: binance {"code":-2008,"msg":"Invalid Api-Key ID."}
2026-01-28 13:22:46,094 - root - INFO - Scanning binance for new transactions...
2026-01-28 13:22:46,348 - root - ERROR - Error fetching transactions from binance: binance {"code":-2008,"msg":"Invalid Api-Key ID."}
2026-01-28 13:22:51,349 - root - INFO - Scanning binance for new transactions...
2026-01-28 13:22:51,601 - root - ERROR - Error fetching transactions from binance: binance {"code":-2008,"msg":"Invalid Api-Key ID."}
2026-01-28 13:22:56,602 - root - INFO - Scanning binance for new transactions...
2026-01-28 13:22:56,856 - root - ERROR - Error fetching transactions from binance: binance {"code":-2008,"msg":"Invalid Api-Key ID."}
2026-01-28 13:23:01,857 - root - INFO - Scanning binance for new transactions...
2026-01-28 13:23:02,109 - root - ERROR - Error fetching transactions from binance: binance {"code":-2008,"msg":"Invalid Api-Key ID."}
2026-01-28 13:23:07,110 - root - INFO - Scanning binance for new transactions...
2026-01-28 13:23:07,368 - root - ERROR - Error fetching transactions from binance: binance {"code":-2008,"msg":"Invalid Api-Key ID."}
2026-01-28 13:23:12,369 - root - INFO - Scanning binance for new transactions...
2026-01-28 13:23:12,624 - root - ERROR - Error fetching transactions from binance: binance {"code":-2008,"msg":"Invalid Api-Key ID."}
2026-01-28 13:23:17,625 - root - INFO - Scanning binance for new transactions...
2026-01-28 13:23:17,881 - root - ERROR - Error fetching transactions from binance: binance {"code":-2008,"msg":"Invalid Api-Key ID."}
2026-01-28 13:23:22,882 - root - INFO - Scanning binance for new transactions...
2026-01-28 13:23:23,140 - root - ERROR - Error fetching transactions from binance: binance {"code":-2008,"msg":"Invalid Api-Key ID."}
2026-01-28 13:23:28,141 - root - INFO - Scanning binance for new transactions...
2026-01-28 13:23:28,393 - root - ERROR - Error fetching transactions from binance: binance {"code":-2008,"msg":"Invalid Api-Key ID."}
2026-01-28 13:23:33,394 - root - INFO - Scanning binance for new transactions...
2026-01-28 13:23:33,652 - root - ERROR - Error fetching transactions from binance: binance {"code":-2008,"msg":"Invalid Api-Key ID."}
2026-01-28 13:23:38,653 - root - INFO - Scanning binance for new transactions...
2026-01-28 13:23:38,905 - root - ERROR - Error fetching transactions from binance: binance {"code":-2008,"msg":"Invalid Api-Key ID."}
2026-01-28 13:23:43,906 - root - INFO - Scanning binance for new transactions...
2026-01-28 13:23:44,157 - root - ERROR - Error fetching transactions from binance: binance {"code":-2008,"msg":"Invalid Api-Key ID."}
2026-01-28 13:23:49,158 - root - INFO - Scanning binance for new transactions...
2026-01-28 13:23:49,417 - root - ERROR - Error fetching transactions from binance: binance {"code":-2008,"msg":"Invalid Api-Key ID."}
2026-01-28 13:23:54,418 - root - INFO - Scanning binance for new transactions...
2026-01-28 13:23:54,676 - root - ERROR - Error fetching transactions from binance: binance {"code":-2008,"msg":"Invalid Api-Key ID."}
2026-01-28 13:23:59,678 - root - INFO - Scanning binance for new transactions...
2026-01-28 13:23:59,932 - root - ERROR - Error fetching transactions from binance: binance {"code":-2008,"msg":"Invalid Api-Key ID."}
2026-01-28 13:24:04,932 - root - INFO - Scanning binance for new transactions...
2026-01-28 13:24:05,188 - root - ERROR - Error fetching transactions from binance: binance {"code":-2008,"msg":"Invalid Api-Key ID."}
2026-01-28 13:24:10,189 - root - INFO - Scanning binance for new transactions...
2026-01-28 13:24:10,445 - root - ERROR - Error fetching transactions from binance: binance {"code":-2008,"msg":"Invalid Api-Key ID."}
2026-01-28 13:24:15,446 - root - INFO - Scanning binance for new transactions...
2026-01-28 13:24:15,697 - root - ERROR - Error fetching transactions from binance: binance {"code":-2008,"msg":"Invalid Api-Key ID."}
2026-01-28 13:24:20,698 - root - INFO - Scanning binance for new transactions...
2026-01-28 13:24:20,954 - root - ERROR - Error fetching transactions from binance: binance {"code":-2008,"msg":"Invalid Api-Key ID."}
2026-01-28 13:24:25,955 - root - INFO - Scanning binance for new transactions...
2026-01-28 13:24:26,212 - root - ERROR - Error fetching transactions from binance: binance {"code":-2008,"msg":"Invalid Api-Key ID."}
2026-01-28 13:24:31,213 - root - INFO - Scanning binance for new transactions...
2026-01-28 13:24:31,469 - root - ERROR - Error fetching transactions from binance: binance {"code":-2008,"msg":"Invalid Api-Key ID."}
2026-01-28 13:24:36,470 - root - INFO - Scanning binance for new transactions...
2026-01-28 13:24:36,722 - root - ERROR - Error fetching transactions from binance: binance {"code":-2008,"msg":"Invalid Api-Key ID."}
2026-01-28 13:24:41,722 - root - INFO - Scanning binance for new transactions...
2026-01-28 13:24:41,975 - root - ERROR - Error fetching transactions from binance: binance {"code":-2008,"msg":"Invalid Api-Key ID."}
2026-01-28 13:24:46,976 - root - INFO - Scanning binance for new transactions...
2026-01-28 13:24:47,229 - root - ERROR - Error fetching transactions from binance: binance {"code":-2008,"msg":"Invalid Api-Key ID."}
2026-01-28 13:24:52,230 - root - INFO - Scanning binance for new transactions...
2026-01-28 13:24:52,483 - root - ERROR - Error fetching transactions from binance: binance {"code":-2008,"msg":"Invalid Api-Key ID."}
2026-01-28 13:24:57,484 - root - INFO - Scanning binance for new transactions...
2026-01-28 13:24:57,737 - root - ERROR - Error fetching transactions from binance: binance {"code":-2008,"msg":"Invalid Api-Key ID."}
2026-01-28 13:25:02,737 - root - INFO - Scanning binance for new transactions...
2026-01-28 13:25:02,992 - root - ERROR - Error fetching transactions from binance: binance {"code":-2008,"msg":"Invalid Api-Key ID."}
2026-01-28 13:25:07,993 - root - INFO - Scanning binance for new transactions...
2026-01-28 13:25:08,246 - root - ERROR - Error fetching transactions from binance: binance {"code":-2008,"msg":"Invalid Api-Key ID."}
2026-01-28 13:25:13,247 - root - INFO - Scanning binance for new transactions...
2026-01-28 13:25:13,500 - root - ERROR - Error fetching transactions from binance: binance {"code":-2008,"msg":"Invalid Api-Key ID."}
2026-01-28 13:25:18,501 - root - INFO - Scanning binance for new transactions...
2026-01-28 13:25:18,756 - root - ERROR - Error fetching transactions from binance: binance {"code":-2008,"msg":"Invalid Api-Key ID."}
2026-01-28 13:25:23,757 - root - INFO - Scanning binance for new transactions...
2026-01-28 13:25:24,015 - root - ERROR - Error fetching transactions from binance: binance {"code":-2008,"msg":"Invalid Api-Key ID."}
2026-01-28 13:25:29,016 - root - INFO - Scanning binance for new transactions...
2026-01-28 13:25:29,268 - root - ERROR - Error fetching transactions from binance: binance {"code":-2008,"msg":"Invalid Api-Key ID."}
2026-01-28 13:25:34,269 - root - INFO - Scanning binance for new transactions...
2026-01-28 13:25:34,522 - root - ERROR - Error fetching transactions from binance: binance {"code":-2008,"msg":"Invalid Api-Key ID."}
2026-01-28 13:25:39,523 - root - INFO - Scanning binance for new transactions...
2026-01-28 13:25:39,777 - root - ERROR - Error fetching transactions from binance: binance {"code":-2008,"msg":"Invalid Api-Key ID."}
2026-01-28 13:25:44,779 - root - INFO - Scanning binance for new transactions...
2026-01-28 13:25:45,033 - root - ERROR - Error fetching transactions from binance: binance {"code":-2008,"msg":"Invalid Api-Key ID."}
2026-01-28 13:25:50,034 - root - INFO - Scanning binance for new transactions...
2026-01-28 13:25:50,289 - root - ERROR - Error fetching transactions from binance: binance {"code":-2008,"msg":"Invalid Api-Key ID."}
2026-01-28 13:25:55,291 - root - INFO - Scanning binance for new transactions...
2026-01-28 13:25:55,543 - root - ERROR - Error fetching transactions from binance: binance {"code":-2008,"msg":"Invalid Api-Key ID."}
2026-01-28 13:26:00,544 - root - INFO - Scanning binance for new transactions...
2026-01-28 13:26:00,795 - root - ERROR - Error fetching transactions from binance: binance {"code":-2008,"msg":"Invalid Api-Key ID."}
2026-01-28 13:26:05,796 - root - INFO - Scanning binance for new transactions...
2026-01-28 13:26:06,052 - root - ERROR - Error fetching transactions from binance: binance {"code":-2008,"msg":"Invalid Api-Key ID."}
2026-01-28 13:26:11,053 - root - INFO - Scanning binance for new transactions...
2026-01-28 13:26:11,310 - root - ERROR - Error fetching transactions from binance: binance {"code":-2008,"msg":"Invalid Api-Key ID."}
2026-01-28 13:26:16,311 - root - INFO - Scanning binance for new transactions...
2026-01-28 13:26:16,566 - root - ERROR - Error fetching transactions from binance: binance {"code":-2008,"msg":"Invalid Api-Key ID."}
2026-01-28 13:26:21,567 - root - INFO - Scanning binance for new transactions...
2026-01-28 13:26:21,828 - root - ERROR - Error fetching transactions from binance: binance {"code":-2008,"msg":"Invalid Api-Key ID."}
2026-01-28 13:26:26,830 - root - INFO - Scanning binance for new transactions...
2026-01-28 13:26:27,082 - root - ERROR - Error fetching transactions from binance: binance {"code":-2008,"msg":"Invalid Api-Key ID."}
2026-01-28 13:26:32,082 - root - INFO - Scanning binance for new transactions...
2026-01-28 13:26:32,334 - root - ERROR - Error fetching transactions from binance: binance {"code":-2008,"msg":"Invalid Api-Key ID."}
2026-01-28 13:26:37,335 - root - INFO - Scanning binance for new transactions...
2026-01-28 13:26:37,589 - root - ERROR - Error fetching transactions from binance: binance {"code":-2008,"msg":"Invalid Api-Key ID."}
2026-01-28 13:26:42,590 - root - INFO - Scanning binance for new transactions...
2026-01-28 13:26:42,850 - root - ERROR - Error fetching transactions from binance: binance {"code":-2008,"msg":"Invalid Api-Key ID."}
2026-01-28 13:26:47,851 - root - INFO - Scanning binance for new transactions...
2026-01-28 13:26:48,107 - root - ERROR - Error fetching transactions from binance: binance {"code":-2008,"msg":"Invalid Api-Key ID."}
2026-01-28 13:26:53,108 - root - INFO - Scanning binance for new transactions...
2026-01-28 13:26:53,361 - root - ERROR - Error fetching transactions from binance: binance {"code":-2008,"msg":"Invalid Api-Key ID."}
2026-01-28 13:26:58,362 - root - INFO - Scanning binance for new transactions...
2026-01-28 13:26:58,613 - root - ERROR - Error fetching transactions from binance: binance {"code":-2008,"msg":"Invalid Api-Key ID."}
2026-01-28 13:27:03,614 - root - INFO - Scanning binance for new transactions...
2026-01-28 13:27:04,302 - root - ERROR - Error fetching transactions from binance: binance {"code":-2008,"msg":"Invalid Api-Key ID."}
2026-01-28 13:27:09,304 - root - INFO - Scanning binance for new transactions...
2026-01-28 13:27:09,560 - root - ERROR - Error fetching transactions from binance: binance {"code":-2008,"msg":"Invalid Api-Key ID."}
2026-01-28 13:27:14,561 - root - INFO - Scanning binance for new transactions...
2026-01-28 13:27:14,816 - root - ERROR - Error fetching transactions from binance: binance {"code":-2008,"msg":"Invalid Api-Key ID."}
2026-01-28 13:27:19,817 - root - INFO - Scanning binance for new transactions...
2026-01-28 13:27:20,073 - root - ERROR - Error fetching transactions from binance: binance {"code":-2008,"msg":"Invalid Api-Key ID."}
2026-01-28 13:27:25,073 - root - INFO - Scanning binance for new transactions...
2026-01-28 13:27:25,328 - root - ERROR - Error fetching transactions from binance: binance {"code":-2008,"msg":"Invalid Api-Key ID."}
2026-01-28 13:27:30,329 - root - INFO - Scanning binance for new transactions...
2026-01-28 13:27:30,585 - root - ERROR - Error fetching transactions from binance: binance {"code":-2008,"msg":"Invalid Api-Key ID."}
2026-01-28 13:27:35,586 - root - INFO - Scanning binance for new transactions...
2026-01-28 13:27:35,851 - root - ERROR - Error fetching transactions from binance: binance {"code":-2008,"msg":"Invalid Api-Key ID."}
2026-01-28 13:27:40,853 - root - INFO - Scanning binance for new transactions...
2026-01-28 13:27:41,105 - root - ERROR - Error fetching transactions from binance: binance {"code":-2008,"msg":"Invalid Api-Key ID."}
2026-01-28 13:27:46,106 - root - INFO - Scanning binance for new transactions...
2026-01-28 13:27:46,360 - root - ERROR - Error fetching transactions from binance: binance {"code":-2008,"msg":"Invalid Api-Key ID."}
2026-01-28 13:27:51,360 - root - INFO - Scanning binance for new transactions...
2026-01-28 13:27:51,612 - root - ERROR - Error fetching transactions from binance: binance {"code":-2008,"msg":"Invalid Api-Key ID."}
2026-01-28 13:27:56,613 - root - INFO - Scanning binance for new transactions...
2026-01-28 13:27:56,866 - root - ERROR - Error fetching transactions from binance: binance {"code":-2008,"msg":"Invalid Api-Key ID."}
2026-01-28 13:28:01,868 - root - INFO - Scanning binance for new transactions...
2026-01-28 13:28:02,123 - root - ERROR - Error fetching transactions from binance: binance {"code":-2008,"msg":"Invalid Api-Key ID."}
2026-01-28 13:28:07,124 - root - INFO - Scanning binance for new transactions...
2026-01-28 13:28:07,381 - root - ERROR - Error fetching transactions from binance: binance {"code":-2008,"msg":"Invalid Api-Key ID."}
2026-01-28 13:28:12,382 - root - INFO - Scanning binance for new transactions...
2026-01-28 13:28:12,634 - root - ERROR - Error fetching transactions from binance: binance {"code":-2008,"msg":"Invalid Api-Key ID."}
2026-01-28 13:28:17,636 - root - INFO - Scanning binance for new transactions...
2026-01-28 13:28:17,891 - root - ERROR - Error fetching transactions from binance: binance {"code":-2008,"msg":"Invalid Api-Key ID."}
2026-01-28 13:28:22,892 - root - INFO - Scanning binance for new transactions...
2026-01-28 13:28:23,151 - root - ERROR - Error fetching transactions from binance: binance {"code":-2008,"msg":"Invalid Api-Key ID."}
2026-01-28 13:28:28,152 - root - INFO - Scanning binance for new transactions...
2026-01-28 13:28:28,405 - root - ERROR - Error fetching transactions from binance: binance {"code":-2008,"msg":"Invalid Api-Key ID."}
2026-01-28 13:28:33,407 - root - INFO - Scanning binance for new transactions...
2026-01-28 13:28:33,664 - root - ERROR - Error fetching transactions from binance: binance {"code":-2008,"msg":"Invalid Api-Key ID."}
2026-01-28 13:28:38,666 - root - INFO - Scanning binance for new transactions...
2026-01-28 13:28:38,921 - root - ERROR - Error fetching transactions from binance: binance {"code":-2008,"msg":"Invalid Api-Key ID."}
2026-01-28 13:28:43,922 - root - INFO - Scanning binance for new transactions...
2026-01-28 13:28:44,176 - root - ERROR - Error fetching transactions from binance: binance {"code":-2008,"msg":"Invalid Api-Key ID."}
2026-01-28 13:28:49,177 - root - INFO - Scanning binance for new transactions...
2026-01-28 13:28:49,429 - root - ERROR - Error fetching transactions from binance: binance {"code":-2008,"msg":"Invalid Api-Key ID."}
2026-01-28 13:28:54,430 - root - INFO - Scanning binance for new transactions...
2026-01-28 13:28:54,681 - root - ERROR - Error fetching transactions from binance: binance {"code":-2008,"msg":"Invalid Api-Key ID."}
2026-01-28 13:28:59,682 - root - INFO - Scanning binance for new transactions...
2026-01-28 13:28:59,939 - root - ERROR - Error fetching transactions from binance: binance {"code":-2008,"msg":"Invalid Api-Key ID."}
2026-01-28 13:29:04,939 - root - INFO - Scanning binance for new transactions...
2026-01-28 13:29:05,193 - root - ERROR - Error fetching transactions from binance: binance {"code":-2008,"msg":"Invalid Api-Key ID."}
2026-01-28 13:29:10,194 - root - INFO - Scanning binance for new transactions...
2026-01-28 13:29:10,450 - root - ERROR - Error fetching transactions from binance: binance {"code":-2008,"msg":"Invalid Api-Key ID."}
2026-01-28 13:29:15,451 - root - INFO - Scanning binance for new transactions...
2026-01-28 13:29:15,703 - root - ERROR - Error fetching transactions from binance: binance {"code":-2008,"msg":"Invalid Api-Key ID."}
2026-01-28 13:29:20,704 - root - INFO - Scanning binance for new transactions...
2026-01-28 13:29:20,956 - root - ERROR - Error fetching transactions from binance: binance {"code":-2008,"msg":"Invalid Api-Key ID."}
2026-01-28 13:29:25,956 - root - INFO - Scanning binance for new transactions...
2026-01-28 13:29:26,212 - root - ERROR - Error fetching transactions from binance: binance {"code":-2008,"msg":"Invalid Api-Key ID."}
2026-01-28 13:29:31,213 - root - INFO - Scanning binance for new transactions...
2026-01-28 13:29:31,468 - root - ERROR - Error fetching transactions from binance: binance {"code":-2008,"msg":"Invalid Api-Key ID."}
2026-01-28 13:29:36,468 - root - INFO - Scanning binance for new transactions...
2026-01-28 13:29:36,724 - root - ERROR - Error fetching transactions from binance: binance {"code":-2008,"msg":"Invalid Api-Key ID."}
2026-01-28 13:29:41,725 - root - INFO - Scanning binance for new transactions...
2026-01-28 13:29:41,985 - root - ERROR - Error fetching transactions from binance: binance {"code":-2008,"msg":"Invalid Api-Key ID."}
2026-01-28 13:29:46,985 - root - INFO - Scanning binance for new transactions...
2026-01-28 13:29:47,239 - root - ERROR - Error fetching transactions from binance: binance {"code":-2008,"msg":"Invalid Api-Key ID."}
2026-01-28 13:29:52,240 - root - INFO - Scanning binance for new transactions...
2026-01-28 13:29:52,492 - root - ERROR - Error fetching transactions from binance: binance {"code":-2008,"msg":"Invalid Api-Key ID."}
2026-01-28 13:29:57,494 - root - INFO - Scanning binance for new transactions...
2026-01-28 13:29:57,745 - root - ERROR - Error fetching transactions from binance: binance {"code":-2008,"msg":"Invalid Api-Key ID."}
2026-01-28 13:30:02,747 - root - INFO - Scanning binance for new transactions...
2026-01-28 13:30:03,001 - root - ERROR - Error fetching transactions from binance: binance {"code":-2008,"msg":"Invalid Api-Key ID."}
2026-01-28 13:30:08,001 - root - INFO - Scanning binance for new transactions...
2026-01-28 13:30:08,255 - root - ERROR - Error fetching transactions from binance: binance {"code":-2008,"msg":"Invalid Api-Key ID."}
2026-01-28 13:30:13,256 - root - INFO - Scanning binance for new transactions...
2026-01-28 13:30:13,511 - root - ERROR - Error fetching transactions from binance: binance {"code":-2008,"msg":"Invalid Api-Key ID."}
2026-01-28 13:30:18,511 - root - INFO - Scanning binance for new transactions...
2026-01-28 13:30:18,764 - root - ERROR - Error fetching transactions from binance: binance {"code":-2008,"msg":"Invalid Api-Key ID."}
2026-01-28 13:30:23,765 - root - INFO - Scanning binance for new transactions...
2026-01-28 13:30:24,015 - root - ERROR - Error fetching transactions from binance: binance {"code":-2008,"msg":"Invalid Api-Key ID."}
2026-01-28 13:30:29,017 - root - INFO - Scanning binance for new transactions...
2026-01-28 13:30:29,270 - root - ERROR - Error fetching transactions from binance: binance {"code":-2008,"msg":"Invalid Api-Key ID."}
2026-01-28 13:30:34,271 - root - INFO - Scanning binance for new transactions...
2026-01-28 13:30:34,523 - root - ERROR - Error fetching transactions from binance: binance {"code":-2008,"msg":"Invalid Api-Key ID."}
2026-01-28 13:30:39,524 - root - INFO - Scanning binance for new transactions...
2026-01-28 13:30:39,777 - root - ERROR - Error fetching transactions from binance: binance {"code":-2008,"msg":"Invalid Api-Key ID."}
2026-01-28 13:30:44,778 - root - INFO - Scanning binance for new transactions...
2026-01-28 13:30:45,032 - root - ERROR - Error fetching transactions from binance: binance {"code":-2008,"msg":"Invalid Api-Key ID."}
2026-01-28 13:30:50,033 - root - INFO - Scanning binance for new transactions...
2026-01-28 13:30:50,285 - root - ERROR - Error fetching transactions from binance: binance {"code":-2008,"msg":"Invalid Api-Key ID."}
2026-01-28 13:30:55,286 - root - INFO - Scanning binance for new transactions...
2026-01-28 13:30:55,542 - root - ERROR - Error fetching transactions from binance: binance {"code":-2008,"msg":"Invalid Api-Key ID."}
2026-01-28 13:31:00,543 - root - INFO - Scanning binance for new transactions...
2026-01-28 13:31:00,801 - root - ERROR - Error fetching transactions from binance: binance {"code":-2008,"msg":"Invalid Api-Key ID."}
2026-01-28 13:31:05,802 - root - INFO - Scanning binance for new transactions...
2026-01-28 13:31:06,057 - root - ERROR - Error fetching transactions from binance: binance {"code":-2008,"msg":"Invalid Api-Key ID."}
2026-01-28 13:31:11,057 - root - INFO - Scanning binance for new transactions...
2026-01-28 13:31:11,325 - root - ERROR - Error fetching transactions from binance: binance {"code":-2008,"msg":"Invalid Api-Key ID."}
2026-01-28 13:31:16,326 - root - INFO - Scanning binance for new transactions...
2026-01-28 13:31:16,585 - root - ERROR - Error fetching transactions from binance: binance {"code":-2008,"msg":"Invalid Api-Key ID."}
2026-01-28 13:31:21,585 - root - INFO - Scanning binance for new transactions...
2026-01-28 13:31:21,836 - root - ERROR - Error fetching transactions from binance: binance {"code":-2008,"msg":"Invalid Api-Key ID."}
2026-01-28 13:31:26,837 - root - INFO - Scanning binance for new transactions...
2026-01-28 13:31:27,092 - root - ERROR - Error fetching transactions from binance: binance {"code":-2008,"msg":"Invalid Api-Key ID."}
2026-01-28 13:31:32,093 - root - INFO - Scanning binance for new transactions...
2026-01-28 13:31:32,345 - root - ERROR - Error fetching transactions from binance: binance {"code":-2008,"msg":"Invalid Api-Key ID."}
2026-01-28 13:31:37,346 - root - INFO - Scanning binance for new transactions...
2026-01-28 13:31:37,597 - root - ERROR - Error fetching transactions from binance: binance {"code":-2008,"msg":"Invalid Api-Key ID."}
2026-01-28 13:31:42,598 - root - INFO - Scanning binance for new transactions...
2026-01-28 13:31:42,851 - root - ERROR - Error fetching transactions from binance: binance {"code":-2008,"msg":"Invalid Api-Key ID."}
2026-01-28 13:31:47,851 - root - INFO - Scanning binance for new transactions...
2026-01-28 13:31:48,104 - root - ERROR - Error fetching transactions from binance: binance {"code":-2008,"msg":"Invalid Api-Key ID."}
2026-01-28 13:31:53,105 - root - INFO - Scanning binance for new transactions...
2026-01-28 13:31:53,359 - root - ERROR - Error fetching transactions from binance: binance {"code":-2008,"msg":"Invalid Api-Key ID."}
2026-01-28 13:31:58,360 - root - INFO - Scanning binance for new transactions...
2026-01-28 13:31:58,612 - root - ERROR - Error fetching transactions from binance: binance {"code":-2008,"msg":"Invalid Api-Key ID."}
2026-01-28 13:32:03,613 - root - INFO - Scanning binance for new transactions...
2026-01-28 13:32:03,864 - root - ERROR - Error fetching transactions from binance: binance {"code":-2008,"msg":"Invalid Api-Key ID."}
2026-01-28 13:32:08,865 - root - INFO - Scanning binance for new transactions...
2026-01-28 13:32:09,119 - root - ERROR - Error fetching transactions from binance: binance {"code":-2008,"msg":"Invalid Api-Key ID."}
2026-01-28 13:32:14,120 - root - INFO - Scanning binance for new transactions...
2026-01-28 13:32:14,373 - root - ERROR - Error fetching transactions from binance: binance {"code":-2008,"msg":"Invalid Api-Key ID."}
2026-01-28 13:32:19,374 - root - INFO - Scanning binance for new transactions...
2026-01-28 13:32:19,630 - root - ERROR - Error fetching transactions from binance: binance {"code":-2008,"msg":"Invalid Api-Key ID."}
2026-01-28 13:32:24,631 - root - INFO - Scanning binance for new transactions...
2026-01-28 13:32:24,884 - root - ERROR - Error fetching transactions from binance: binance {"code":-2008,"msg":"Invalid Api-Key ID."}
2026-01-28 13:32:29,886 - root - INFO - Scanning binance for new transactions...
2026-01-28 13:32:30,141 - root - ERROR - Error fetching transactions from binance: binance {"code":-2008,"msg":"Invalid Api-Key ID."}
2026-01-28 13:32:35,142 - root - INFO - Scanning binance for new transactions...
2026-01-28 13:32:35,400 - root - ERROR - Error fetching transactions from binance: binance {"code":-2008,"msg":"Invalid Api-Key ID."}
2026-01-28 13:32:40,402 - root - INFO - Scanning binance for new transactions...
2026-01-28 13:32:40,657 - root - ERROR - Error fetching transactions from binance: binance {"code":-2008,"msg":"Invalid Api-Key ID."}
2026-01-28 13:32:45,658 - root - INFO - Scanning binance for new transactions...
2026-01-28 13:32:45,912 - root - ERROR - Error fetching transactions from binance: binance {"code":-2008,"msg":"Invalid Api-Key ID."}
2026-01-28 13:32:50,913 - root - INFO - Scanning binance for new transactions...
2026-01-28 13:32:51,166 - root - ERROR - Error fetching transactions from binance: binance {"code":-2008,"msg":"Invalid Api-Key ID."}
2026-01-28 13:32:56,167 - root - INFO - Scanning binance for new transactions...
2026-01-28 13:32:56,424 - root - ERROR - Error fetching transactions from binance: binance {"code":-2008,"msg":"Invalid Api-Key ID."}
2026-01-28 13:33:01,425 - root - INFO - Scanning binance for new transactions...
2026-01-28 13:33:01,681 - root - ERROR - Error fetching transactions from binance: binance {"code":-2008,"msg":"Invalid Api-Key ID."}
2026-01-28 13:33:06,681 - root - INFO - Scanning binance for new transactions...
2026-01-28 13:33:06,932 - root - ERROR - Error fetching transactions from binance: binance {"code":-2008,"msg":"Invalid Api-Key ID."}
2026-01-28 13:33:11,933 - root - INFO - Scanning binance for new transactions...
2026-01-28 13:33:12,188 - root - ERROR - Error fetching transactions from binance: binance {"code":-2008,"msg":"Invalid Api-Key ID."}
2026-01-28 13:33:17,189 - root - INFO - Scanning binance for new transactions...
2026-01-28 13:33:17,439 - root - ERROR - Error fetching transactions from binance: binance {"code":-2008,"msg":"Invalid Api-Key ID."}
2026-01-28 13:33:22,440 - root - INFO - Scanning binance for new transactions...
2026-01-28 13:33:22,693 - root - ERROR - Error fetching transactions from binance: binance {"code":-2008,"msg":"Invalid Api-Key ID."}
2026-01-28 13:33:27,696 - root - INFO - Scanning binance for new transactions...
2026-01-28 13:33:27,951 - root - ERROR - Error fetching transactions from binance: binance {"code":-2008,"msg":"Invalid Api-Key ID."}
2026-01-28 13:33:32,953 - root - INFO - Scanning binance for new transactions...
2026-01-28 13:33:33,209 - root - ERROR - Error fetching transactions from binance: binance {"code":-2008,"msg":"Invalid Api-Key ID."}
2026-01-28 13:33:38,210 - root - INFO - Scanning binance for new transactions...
2026-01-28 13:33:38,466 - root - ERROR - Error fetching transactions from binance: binance {"code":-2008,"msg":"Invalid Api-Key ID."}
2026-01-28 13:33:43,467 - root - INFO - Scanning binance for new transactions...
2026-01-28 13:33:43,722 - root - ERROR - Error fetching transactions from binance: binance {"code":-2008,"msg":"Invalid Api-Key ID."}
2026-01-28 13:33:48,724 - root - INFO - Scanning binance for new transactions...
2026-01-28 13:33:48,986 - root - ERROR - Error fetching transactions from binance: binance {"code":-2008,"msg":"Invalid Api-Key ID."}
2026-01-28 13:33:53,987 - root - INFO - Scanning binance for new transactions...
2026-01-28 13:33:54,241 - root - ERROR - Error fetching transactions from binance: binance {"code":-2008,"msg":"Invalid Api-Key ID."}
2026-01-28 13:33:59,242 - root - INFO - Scanning binance for new transactions...
2026-01-28 13:33:59,500 - root - ERROR - Error fetching transactions from binance: binance {"code":-2008,"msg":"Invalid Api-Key ID."}
2026-01-28 13:34:04,500 - root - INFO - Scanning binance for new transactions...
2026-01-28 13:34:04,759 - root - ERROR - Error fetching transactions from binance: binance {"code":-2008,"msg":"Invalid Api-Key ID."}
2026-01-28 13:34:09,760 - root - INFO - Scanning binance for new transactions...
2026-01-28 13:34:10,294 - root - ERROR - Error fetching transactions from binance: binance {"code":-2008,"msg":"Invalid Api-Key ID."}
2026-01-28 13:34:15,294 - root - INFO - Scanning binance for new transactions...
2026-01-28 13:34:15,550 - root - ERROR - Error fetching transactions from binance: binance {"code":-2008,"msg":"Invalid Api-Key ID."}
2026-01-28 13:34:20,551 - root - INFO - Scanning binance for new transactions...
2026-01-28 13:34:20,804 - root - ERROR - Error fetching transactions from binance: binance {"code":-2008,"msg":"Invalid Api-Key ID."}
2026-01-28 13:34:25,805 - root - INFO - Scanning binance for new transactions...
2026-01-28 13:34:26,058 - root - ERROR - Error fetching transactions from binance: binance {"code":-2008,"msg":"Invalid Api-Key ID."}
2026-01-28 13:34:31,059 - root - INFO - Scanning binance for new transactions...
2026-01-28 13:34:31,317 - root - ERROR - Error fetching transactions from binance: binance {"code":-2008,"msg":"Invalid Api-Key ID."}
2026-01-28 13:34:36,318 - root - INFO - Scanning binance for new transactions...
2026-01-28 13:34:36,574 - root - ERROR - Error fetching transactions from binance: binance {"code":-2008,"msg":"Invalid Api-Key ID."}
2026-01-28 13:34:41,574 - root - INFO - Scanning binance for new transactions...
2026-01-28 13:34:41,825 - root - ERROR - Error fetching transactions from binance: binance {"code":-2008,"msg":"Invalid Api-Key ID."}
2026-01-28 13:34:46,826 - root - INFO - Scanning binance for new transactions...
2026-01-28 13:34:47,093 - root - ERROR - Error fetching transactions from binance: binance {"code":-2008,"msg":"Invalid Api-Key ID."}
2026-01-28 13:34:52,094 - root - INFO - Scanning binance for new transactions...
2026-01-28 13:34:52,345 - root - ERROR - Error fetching transactions from binance: binance {"code":-2008,"msg":"Invalid Api-Key ID."}
2026-01-28 13:34:57,346 - root - INFO - Scanning binance for new transactions...
2026-01-28 13:34:57,605 - root - ERROR - Error fetching transactions from binance: binance {"code":-2008,"msg":"Invalid Api-Key ID."}
2026-01-28 13:35:02,606 - root - INFO - Scanning binance for new transactions...
2026-01-28 13:35:02,865 - root - ERROR - Error fetching transactions from binance: binance {"code":-2008,"msg":"Invalid Api-Key ID."}
2026-01-28 13:35:07,866 - root - INFO - Scanning binance for new transactions...
2026-01-28 13:35:08,117 - root - ERROR - Error fetching transactions from binance: binance {"code":-2008,"msg":"Invalid Api-Key ID."}
2026-01-28 13:35:13,118 - root - INFO - Scanning binance for new transactions...
2026-01-28 13:35:13,376 - root - ERROR - Error fetching transactions from binance: binance {"code":-2008,"msg":"Invalid Api-Key ID."}
2026-01-28 13:35:18,377 - root - INFO - Scanning binance for new transactions...
2026-01-28 13:35:18,635 - root - ERROR - Error fetching transactions from binance: binance {"code":-2008,"msg":"Invalid Api-Key ID."}
2026-01-28 13:35:23,636 - root - INFO - Scanning binance for new transactions...
2026-01-28 13:35:23,890 - root - ERROR - Error fetching transactions from binance: binance {"code":-2008,"msg":"Invalid Api-Key ID."}
2026-01-28 13:35:28,891 - root - INFO - Scanning binance for new transactions...
2026-01-28 13:35:29,146 - root - ERROR - Error fetching transactions from binance: binance {"code":-2008,"msg":"Invalid Api-Key ID."}
2026-01-28 13:35:34,148 - root - INFO - Scanning binance for new transactions...
2026-01-28 13:35:34,406 - root - ERROR - Error fetching transactions from binance: binance {"code":-2008,"msg":"Invalid Api-Key ID."}
2026-01-28 13:35:39,407 - root - INFO - Scanning binance for new transactions...
2026-01-28 13:35:39,662 - root - ERROR - Error fetching transactions from binance: binance {"code":-2008,"msg":"Invalid Api-Key ID."}
2026-01-28 13:35:44,663 - root - INFO - Scanning binance for new transactions...
2026-01-28 13:35:44,916 - root - ERROR - Error fetching transactions from binance: binance {"code":-2008,"msg":"Invalid Api-Key ID."}
2026-01-28 13:35:49,917 - root - INFO - Scanning binance for new transactions...
2026-01-28 13:35:50,170 - root - ERROR - Error fetching transactions from binance: binance {"code":-2008,"msg":"Invalid Api-Key ID."}
2026-01-28 13:35:55,171 - root - INFO - Scanning binance for new transactions...
2026-01-28 13:35:55,423 - root - ERROR - Error fetching transactions from binance: binance {"code":-2008,"msg":"Invalid Api-Key ID."}
2026-01-28 13:36:00,424 - root - INFO - Scanning binance for new transactions...
2026-01-28 13:36:00,685 - root - ERROR - Error fetching transactions from binance: binance {"code":-2008,"msg":"Invalid Api-Key ID."}
2026-01-28 13:36:05,686 - root - INFO - Scanning binance for new transactions...
2026-01-28 13:36:05,936 - root - ERROR - Error fetching transactions from binance: binance {"code":-2008,"msg":"Invalid Api-Key ID."}
2026-01-28 13:36:10,937 - root - INFO - Scanning binance for new transactions...
2026-01-28 13:36:11,191 - root - ERROR - Error fetching transactions from binance: binance {"code":-2008,"msg":"Invalid Api-Key ID."}
2026-01-28 13:36:16,192 - root - INFO - Scanning binance for new transactions...
2026-01-28 13:36:16,443 - root - ERROR - Error fetching transactions from binance: binance {"code":-2008,"msg":"Invalid Api-Key ID."}
2026-01-28 13:36:21,444 - root - INFO - Scanning binance for new transactions...
2026-01-28 13:36:21,695 - root - ERROR - Error fetching transactions from binance: binance {"code":-2008,"msg":"Invalid Api-Key ID."}
2026-01-28 13:36:26,696 - root - INFO - Scanning binance for new transactions...
2026-01-28 13:36:26,947 - root - ERROR - Error fetching transactions from binance: binance {"code":-2008,"msg":"Invalid Api-Key ID."}
2026-01-28 13:36:31,948 - root - INFO - Scanning binance for new transactions...
2026-01-28 13:36:32,207 - root - ERROR - Error fetching transactions from binance: binance {"code":-2008,"msg":"Invalid Api-Key ID."}
2026-01-28 13:36:37,208 - root - INFO - Scanning binance for new transactions...
2026-01-28 13:36:37,459 - root - ERROR - Error fetching transactions from binance: binance {"code":-2008,"msg":"Invalid Api-Key ID."}
2026-01-28 13:36:42,460 - root - INFO - Scanning binance for new transactions...
2026-01-28 13:36:42,714 - root - ERROR - Error fetching transactions from binance: binance {"code":-2008,"msg":"Invalid Api-Key ID."}
2026-01-28 13:36:47,715 - root - INFO - Scanning binance for new transactions...
2026-01-28 13:36:47,971 - root - ERROR - Error fetching transactions from binance: binance {"code":-2008,"msg":"Invalid Api-Key ID."}
2026-01-28 13:36:52,046 - root - INFO - Setting up bot for client: Company Alpha
2026-01-28 13:36:52,052 - root - INFO - Initialized exchange: binance
2026-01-28 13:36:52,052 - root - INFO - Bot is starting for all clients...
2026-01-28 13:36:52,052 - root - INFO - Security Monitoring started...
2026-01-28 13:36:52,052 - root - INFO - Scanning binance for new transactions...
2026-01-28 13:36:52,612 - root - ERROR - Error fetching transactions from binance: binance {"code":-2008,"msg":"Invalid Api-Key ID."}
2026-01-28 13:36:52,972 - root - INFO - Scanning binance for new transactions...
2026-01-28 13:36:53,224 - root - ERROR - Error fetching transactions from binance: binance {"code":-2008,"msg":"Invalid Api-Key ID."}
2026-01-28 13:36:57,613 - root - INFO - Scanning binance for new transactions...
2026-01-28 13:36:57,868 - root - ERROR - Error fetching transactions from binance: binance {"code":-2008,"msg":"Invalid Api-Key ID."}
2026-01-28 13:36:58,225 - root - INFO - Scanning binance for new transactions...
2026-01-28 13:36:58,477 - root - ERROR - Error fetching transactions from binance: binance {"code":-2008,"msg":"Invalid Api-Key ID."}
2026-01-28 13:37:02,869 - root - INFO - Scanning binance for new transactions...
2026-01-28 13:37:03,478 - root - INFO - Scanning binance for new transactions...
2026-01-28 13:37:03,551 - root - ERROR - Error fetching transactions from binance: binance {"code":-2008,"msg":"Invalid Api-Key ID."}
2026-01-28 13:37:03,730 - root - ERROR - Error fetching transactions from binance: binance {"code":-2008,"msg":"Invalid Api-Key ID."}
2026-01-28 13:37:08,552 - root - INFO - Scanning binance for new transactions...
2026-01-28 13:37:08,731 - root - INFO - Scanning binance for new transactions...
2026-01-28 13:37:08,814 - root - ERROR - Error fetching transactions from binance: binance {"code":-2008,"msg":"Invalid Api-Key ID."}
2026-01-28 13:37:08,982 - root - ERROR - Error fetching transactions from binance: binance {"code":-2008,"msg":"Invalid Api-Key ID."}
2026-01-28 13:37:13,815 - root - INFO - Scanning binance for new transactions...
2026-01-28 13:37:13,983 - root - INFO - Scanning binance for new transactions...
2026-01-28 13:37:14,072 - root - ERROR - Error fetching transactions from binance: binance {"code":-2008,"msg":"Invalid Api-Key ID."}
2026-01-28 13:37:14,238 - root - ERROR - Error fetching transactions from binance: binance {"code":-2008,"msg":"Invalid Api-Key ID."}
2026-01-28 13:37:19,074 - root - INFO - Scanning binance for new transactions...
2026-01-28 13:37:19,239 - root - INFO - Scanning binance for new transactions...
2026-01-28 13:37:19,333 - root - ERROR - Error fetching transactions from binance: binance {"code":-2008,"msg":"Invalid Api-Key ID."}
2026-01-28 13:37:19,491 - root - ERROR - Error fetching transactions from binance: binance {"code":-2008,"msg":"Invalid Api-Key ID."}
2026-01-28 13:37:24,334 - root - INFO - Scanning binance for new transactions...
2026-01-28 13:37:24,493 - root - INFO - Scanning binance for new transactions...
2026-01-28 13:37:24,593 - root - ERROR - Error fetching transactions from binance: binance {"code":-2008,"msg":"Invalid Api-Key ID."}
2026-01-28 13:37:24,748 - root - ERROR - Error fetching transactions from binance: binance {"code":-2008,"msg":"Invalid Api-Key ID."}
2026-01-28 13:37:29,594 - root - INFO - Scanning binance for new transactions...
2026-01-28 13:37:29,749 - root - INFO - Scanning binance for new transactions...
2026-01-28 13:37:29,845 - root - ERROR - Error fetching transactions from binance: binance {"code":-2008,"msg":"Invalid Api-Key ID."}
2026-01-28 13:37:30,005 - root - ERROR - Error fetching transactions from binance: binance {"code":-2008,"msg":"Invalid Api-Key ID."}
2026-01-28 13:37:34,846 - root - INFO - Scanning binance for new transactions...
2026-01-28 13:37:35,005 - root - INFO - Scanning binance for new transactions...
2026-01-28 13:37:35,122 - root - ERROR - Error fetching transactions from binance: binance {"code":-2008,"msg":"Invalid Api-Key ID."}
2026-01-28 13:37:35,260 - root - ERROR - Error fetching transactions from binance: binance {"code":-2008,"msg":"Invalid Api-Key ID."}
2026-01-28 13:37:40,124 - root - INFO - Scanning binance for new transactions...
2026-01-28 13:37:40,262 - root - INFO - Scanning binance for new transactions...
2026-01-28 13:37:40,377 - root - ERROR - Error fetching transactions from binance: binance {"code":-2008,"msg":"Invalid Api-Key ID."}
2026-01-28 13:37:40,510 - root - ERROR - Error fetching transactions from binance: binance {"code":-2008,"msg":"Invalid Api-Key ID."}
2026-01-28 13:37:45,378 - root - INFO - Scanning binance for new transactions...
2026-01-28 13:37:45,511 - root - INFO - Scanning binance for new transactions...
2026-01-28 13:37:45,633 - root - ERROR - Error fetching transactions from binance: binance {"code":-2008,"msg":"Invalid Api-Key ID."}
2026-01-28 13:37:45,763 - root - ERROR - Error fetching transactions from binance: binance {"code":-2008,"msg":"Invalid Api-Key ID."}
2026-01-28 13:37:47,293 - root - INFO - Security Monitoring stopped.
2026-01-28 13:37:47,293 - root - INFO - Generating final reports for all clients...
2026-01-28 13:37:47,324 - root - INFO - Reports generated for company_a
2026-01-28 13:37:50,764 - root - INFO - Scanning binance for new transactions...
2026-01-28 13:37:51,018 - root - ERROR - Error fetching transactions from binance: binance {"code":-2008,"msg":"Invalid Api-Key ID."}
2026-01-28 13:37:56,019 - root - INFO - Scanning binance for new transactions...
2026-01-28 13:37:56,271 - root - ERROR - Error fetching transactions from binance: binance {"code":-2008,"msg":"Invalid Api-Key ID."}
2026-01-28 13:38:01,272 - root - INFO - Scanning binance for new transactions...
2026-01-28 13:38:01,528 - root - ERROR - Error fetching transactions from binance: binance {"code":-2008,"msg":"Invalid Api-Key ID."}
2026-01-28 13:38:06,528 - root - INFO - Scanning binance for new transactions...
2026-01-28 13:38:06,784 - root - ERROR - Error fetching transactions from binance: binance {"code":-2008,"msg":"Invalid Api-Key ID."}
2026-01-28 13:38:11,784 - root - INFO - Scanning binance for new transactions...
2026-01-28 13:38:12,043 - root - ERROR - Error fetching transactions from binance: binance {"code":-2008,"msg":"Invalid Api-Key ID."}
2026-01-28 13:38:17,043 - root - INFO - Scanning binance for new transactions...
2026-01-28 13:38:17,296 - root - ERROR - Error fetching transactions from binance: binance {"code":-2008,"msg":"Invalid Api-Key ID."}
2026-01-28 13:38:22,297 - root - INFO - Scanning binance for new transactions...
2026-01-28 13:38:22,548 - root - ERROR - Error fetching transactions from binance: binance {"code":-2008,"msg":"Invalid Api-Key ID."}
2026-01-28 13:38:27,549 - root - INFO - Scanning binance for new transactions...
2026-01-28 13:38:27,802 - root - ERROR - Error fetching transactions from binance: binance {"code":-2008,"msg":"Invalid Api-Key ID."}
2026-01-28 13:38:32,802 - root - INFO - Scanning binance for new transactions...
2026-01-28 13:38:33,053 - root - ERROR - Error fetching transactions from binance: binance {"code":-2008,"msg":"Invalid Api-Key ID."}
2026-01-28 13:38:38,054 - root - INFO - Scanning binance for new transactions...
2026-01-28 13:38:38,306 - root - ERROR - Error fetching transactions from binance: binance {"code":-2008,"msg":"Invalid Api-Key ID."}
2026-01-28 13:38:43,307 - root - INFO - Scanning binance for new transactions...
2026-01-28 13:38:43,559 - root - ERROR - Error fetching transactions from binance: binance {"code":-2008,"msg":"Invalid Api-Key ID."}
2026-01-28 13:38:48,560 - root - INFO - Scanning binance for new transactions...
2026-01-28 13:38:48,814 - root - ERROR - Error fetching transactions from binance: binance {"code":-2008,"msg":"Invalid Api-Key ID."}
2026-01-28 13:38:53,815 - root - INFO - Scanning binance for new transactions...
2026-01-28 13:38:54,067 - root - ERROR - Error fetching transactions from binance: binance {"code":-2008,"msg":"Invalid Api-Key ID."}
2026-01-28 13:38:59,068 - root - INFO - Scanning binance for new transactions...
2026-01-28 13:38:59,325 - root - ERROR - Error fetching transactions from binance: binance {"code":-2008,"msg":"Invalid Api-Key ID."}
2026-01-28 13:39:04,325 - root - INFO - Scanning binance for new transactions...
2026-01-28 13:39:04,578 - root - ERROR - Error fetching transactions from binance: binance {"code":-2008,"msg":"Invalid Api-Key ID."}
2026-01-28 13:39:09,578 - root - INFO - Scanning binance for new transactions...
2026-01-28 13:39:09,830 - root - ERROR - Error fetching transactions from binance: binance {"code":-2008,"msg":"Invalid Api-Key ID."}
2026-01-28 13:39:14,831 - root - INFO - Scanning binance for new transactions...
2026-01-28 13:39:15,085 - root - ERROR - Error fetching transactions from binance: binance {"code":-2008,"msg":"Invalid Api-Key ID."}
2026-01-28 13:39:20,086 - root - INFO - Scanning binance for new transactions...
2026-01-28 13:39:20,339 - root - ERROR - Error fetching transactions from binance: binance {"code":-2008,"msg":"Invalid Api-Key ID."}
2026-01-28 13:39:25,340 - root - INFO - Scanning binance for new transactions...
2026-01-28 13:39:25,597 - root - ERROR - Error fetching transactions from binance: binance {"code":-2008,"msg":"Invalid Api-Key ID."}
2026-01-28 13:39:30,598 - root - INFO - Scanning binance for new transactions...
2026-01-28 13:39:30,854 - root - ERROR - Error fetching transactions from binance: binance {"code":-2008,"msg":"Invalid Api-Key ID."}
2026-01-28 13:39:35,854 - root - INFO - Scanning binance for new transactions...
2026-01-28 13:39:36,109 - root - ERROR - Error fetching transactions from binance: binance {"code":-2008,"msg":"Invalid Api-Key ID."}
2026-01-28 13:39:41,110 - root - INFO - Scanning binance for new transactions...
2026-01-28 13:39:41,366 - root - ERROR - Error fetching transactions from binance: binance {"code":-2008,"msg":"Invalid Api-Key ID."}
2026-01-28 13:39:46,367 - root - INFO - Scanning binance for new transactions...
2026-01-28 13:39:50,809 - root - ERROR - Error fetching transactions from binance: binance {"code":-2008,"msg":"Invalid Api-Key ID."}
2026-01-28 13:39:55,811 - root - INFO - Scanning binance for new transactions...
2026-01-28 13:39:56,070 - root - ERROR - Error fetching transactions from binance: binance {"code":-2008,"msg":"Invalid Api-Key ID."}
2026-01-28 13:40:01,070 - root - INFO - Scanning binance for new transactions...
2026-01-28 13:40:01,323 - root - ERROR - Error fetching transactions from binance: binance {"code":-2008,"msg":"Invalid Api-Key ID."}
2026-01-28 13:40:06,323 - root - INFO - Scanning binance for new transactions...
2026-01-28 13:40:06,578 - root - ERROR - Error fetching transactions from binance: binance {"code":-2008,"msg":"Invalid Api-Key ID."}
2026-01-28 13:40:11,579 - root - INFO - Scanning binance for new transactions...
2026-01-28 13:40:11,835 - root - ERROR - Error fetching transactions from binance: binance {"code":-2008,"msg":"Invalid Api-Key ID."}
2026-01-28 13:40:16,836 - root - INFO - Scanning binance for new transactions...
2026-01-28 13:40:17,090 - root - ERROR - Error fetching transactions from binance: binance {"code":-2008,"msg":"Invalid Api-Key ID."}
2026-01-28 13:40:22,091 - root - INFO - Scanning binance for new transactions...
2026-01-28 13:40:22,341 - root - ERROR - Error fetching transactions from binance: binance {"code":-2008,"msg":"Invalid Api-Key ID."}
2026-01-28 13:40:27,341 - root - INFO - Scanning binance for new transactions...
2026-01-28 13:40:27,603 - root - ERROR - Error fetching transactions from binance: binance {"code":-2008,"msg":"Invalid Api-Key ID."}
2026-01-28 13:40:32,604 - root - INFO - Scanning binance for new transactions...
2026-01-28 13:40:32,859 - root - ERROR - Error fetching transactions from binance: binance {"code":-2008,"msg":"Invalid Api-Key ID."}
2026-01-28 13:40:37,860 - root - INFO - Scanning binance for new transactions...
2026-01-28 13:40:38,111 - root - ERROR - Error fetching transactions from binance: binance {"code":-2008,"msg":"Invalid Api-Key ID."}
2026-01-28 13:40:43,112 - root - INFO - Scanning binance for new transactions...
2026-01-28 13:40:43,365 - root - ERROR - Error fetching transactions from binance: binance {"code":-2008,"msg":"Invalid Api-Key ID."}
2026-01-28 13:40:48,366 - root - INFO - Scanning binance for new transactions...
2026-01-28 13:40:48,620 - root - ERROR - Error fetching transactions from binance: binance {"code":-2008,"msg":"Invalid Api-Key ID."}
2026-01-28 13:40:53,621 - root - INFO - Scanning binance for new transactions...
2026-01-28 13:40:53,871 - root - ERROR - Error fetching transactions from binance: binance {"code":-2008,"msg":"Invalid Api-Key ID."}
2026-01-28 13:40:58,872 - root - INFO - Scanning binance for new transactions...
2026-01-28 13:40:59,130 - root - ERROR - Error fetching transactions from binance: binance {"code":-2008,"msg":"Invalid Api-Key ID."}
2026-01-28 13:41:04,131 - root - INFO - Scanning binance for new transactions...
2026-01-28 13:41:04,380 - root - ERROR - Error fetching transactions from binance: binance {"code":-2008,"msg":"Invalid Api-Key ID."}
2026-01-28 13:41:09,381 - root - INFO - Scanning binance for new transactions...
2026-01-28 13:41:09,636 - root - ERROR - Error fetching transactions from binance: binance {"code":-2008,"msg":"Invalid Api-Key ID."}
2026-01-28 13:41:14,636 - root - INFO - Scanning binance for new transactions...
2026-01-28 13:41:14,889 - root - ERROR - Error fetching transactions from binance: binance {"code":-2008,"msg":"Invalid Api-Key ID."}
2026-01-28 13:41:19,890 - root - INFO - Scanning binance for new transactions...
2026-01-28 13:41:20,143 - root - ERROR - Error fetching transactions from binance: binance {"code":-2008,"msg":"Invalid Api-Key ID."}
2026-01-28 13:41:25,144 - root - INFO - Scanning binance for new transactions...
2026-01-28 13:41:25,399 - root - ERROR - Error fetching transactions from binance: binance {"code":-2008,"msg":"Invalid Api-Key ID."}
2026-01-28 13:41:30,400 - root - INFO - Scanning binance for new transactions...
2026-01-28 13:41:30,658 - root - ERROR - Error fetching transactions from binance: binance {"code":-2008,"msg":"Invalid Api-Key ID."}
2026-01-28 13:41:35,659 - root - INFO - Scanning binance for new transactions...
2026-01-28 13:41:35,911 - root - ERROR - Error fetching transactions from binance: binance {"code":-2008,"msg":"Invalid Api-Key ID."}
2026-01-28 13:41:40,912 - root - INFO - Scanning binance for new transactions...
2026-01-28 13:41:41,166 - root - ERROR - Error fetching transactions from binance: binance {"code":-2008,"msg":"Invalid Api-Key ID."}
2026-01-28 13:41:46,168 - root - INFO - Scanning binance for new transactions...
2026-01-28 13:41:46,421 - root - ERROR - Error fetching transactions from binance: binance {"code":-2008,"msg":"Invalid Api-Key ID."}
2026-01-28 13:41:51,423 - root - INFO - Scanning binance for new transactions...
2026-01-28 13:41:51,678 - root - ERROR - Error fetching transactions from binance: binance {"code":-2008,"msg":"Invalid Api-Key ID."}
2026-01-28 13:41:56,679 - root - INFO - Scanning binance for new transactions...
2026-01-28 13:41:56,932 - root - ERROR - Error fetching transactions from binance: binance {"code":-2008,"msg":"Invalid Api-Key ID."}
2026-01-28 13:42:01,934 - root - INFO - Scanning binance for new transactions...
2026-01-28 13:42:02,184 - root - ERROR - Error fetching transactions from binance: binance {"code":-2008,"msg":"Invalid Api-Key ID."}
2026-01-28 13:42:07,186 - root - INFO - Scanning binance for new transactions...
2026-01-28 13:42:07,439 - root - ERROR - Error fetching transactions from binance: binance {"code":-2008,"msg":"Invalid Api-Key ID."}
2026-01-28 13:42:12,439 - root - INFO - Scanning binance for new transactions...
2026-01-28 13:42:12,695 - root - ERROR - Error fetching transactions from binance: binance {"code":-2008,"msg":"Invalid Api-Key ID."}
2026-01-28 13:42:17,696 - root - INFO - Scanning binance for new transactions...
2026-01-28 13:42:17,950 - root - ERROR - Error fetching transactions from binance: binance {"code":-2008,"msg":"Invalid Api-Key ID."}
2026-01-28 13:42:22,952 - root - INFO - Scanning binance for new transactions...
2026-01-28 13:42:23,206 - root - ERROR - Error fetching transactions from binance: binance {"code":-2008,"msg":"Invalid Api-Key ID."}
2026-01-28 13:42:28,208 - root - INFO - Scanning binance for new transactions...
2026-01-28 13:42:28,461 - root - ERROR - Error fetching transactions from binance: binance {"code":-2008,"msg":"Invalid Api-Key ID."}
2026-01-28 13:42:33,462 - root - INFO - Scanning binance for new transactions...
2026-01-28 13:42:33,721 - root - ERROR - Error fetching transactions from binance: binance {"code":-2008,"msg":"Invalid Api-Key ID."}
2026-01-28 13:42:38,722 - root - INFO - Scanning binance for new transactions...
2026-01-28 13:42:38,977 - root - ERROR - Error fetching transactions from binance: binance {"code":-2008,"msg":"Invalid Api-Key ID."}
2026-01-28 13:42:43,978 - root - INFO - Scanning binance for new transactions...
2026-01-28 13:42:44,233 - root - ERROR - Error fetching transactions from binance: binance {"code":-2008,"msg":"Invalid Api-Key ID."}
2026-01-28 13:42:49,233 - root - INFO - Scanning binance for new transactions...
2026-01-28 13:42:49,489 - root - ERROR - Error fetching transactions from binance: binance {"code":-2008,"msg":"Invalid Api-Key ID."}
2026-01-28 13:42:54,489 - root - INFO - Scanning binance for new transactions...
2026-01-28 13:42:54,743 - root - ERROR - Error fetching transactions from binance: binance {"code":-2008,"msg":"Invalid Api-Key ID."}
2026-01-28 13:42:59,745 - root - INFO - Scanning binance for new transactions...
2026-01-28 13:43:00,002 - root - ERROR - Error fetching transactions from binance: binance {"code":-2008,"msg":"Invalid Api-Key ID."}
2026-01-28 13:43:05,004 - root - INFO - Scanning binance for new transactions...
2026-01-28 13:43:05,256 - root - ERROR - Error fetching transactions from binance: binance {"code":-2008,"msg":"Invalid Api-Key ID."}
2026-01-28 13:43:10,257 - root - INFO - Scanning binance for new transactions...
2026-01-28 13:43:10,510 - root - ERROR - Error fetching transactions from binance: binance {"code":-2008,"msg":"Invalid Api-Key ID."}
2026-01-28 13:43:15,511 - root - INFO - Scanning binance for new transactions...
2026-01-28 13:43:15,764 - root - ERROR - Error fetching transactions from binance: binance {"code":-2008,"msg":"Invalid Api-Key ID."}
2026-01-28 13:43:20,765 - root - INFO - Scanning binance for new transactions...
2026-01-28 13:43:21,017 - root - ERROR - Error fetching transactions from binance: binance {"code":-2008,"msg":"Invalid Api-Key ID."}
2026-01-28 13:43:26,018 - root - INFO - Scanning binance for new transactions...
2026-01-28 13:43:26,271 - root - ERROR - Error fetching transactions from binance: binance {"code":-2008,"msg":"Invalid Api-Key ID."}
2026-01-28 13:43:31,272 - root - INFO - Scanning binance for new transactions...
2026-01-28 13:43:31,522 - root - ERROR - Error fetching transactions from binance: binance {"code":-2008,"msg":"Invalid Api-Key ID."}
2026-01-28 13:43:36,524 - root - INFO - Scanning binance for new transactions...
2026-01-28 13:43:36,782 - root - ERROR - Error fetching transactions from binance: binance {"code":-2008,"msg":"Invalid Api-Key ID."}
2026-01-28 13:43:41,782 - root - INFO - Scanning binance for new transactions...
2026-01-28 13:43:42,037 - root - ERROR - Error fetching transactions from binance: binance {"code":-2008,"msg":"Invalid Api-Key ID."}
2026-01-28 13:43:47,038 - root - INFO - Scanning binance for new transactions...
2026-01-28 13:43:47,295 - root - ERROR - Error fetching transactions from binance: binance {"code":-2008,"msg":"Invalid Api-Key ID."}
2026-01-28 13:43:52,296 - root - INFO - Scanning binance for new transactions...
2026-01-28 13:43:52,551 - root - ERROR - Error fetching transactions from binance: binance {"code":-2008,"msg":"Invalid Api-Key ID."}
2026-01-28 13:43:57,552 - root - INFO - Scanning binance for new transactions...
2026-01-28 13:43:57,810 - root - ERROR - Error fetching transactions from binance: binance {"code":-2008,"msg":"Invalid Api-Key ID."}
2026-01-28 13:44:02,811 - root - INFO - Scanning binance for new transactions...
2026-01-28 13:44:03,065 - root - ERROR - Error fetching transactions from binance: binance {"code":-2008,"msg":"Invalid Api-Key ID."}
2026-01-28 13:44:08,066 - root - INFO - Scanning binance for new transactions...
2026-01-28 13:44:08,324 - root - ERROR - Error fetching transactions from binance: binance {"code":-2008,"msg":"Invalid Api-Key ID."}
2026-01-28 13:44:13,325 - root - INFO - Scanning binance for new transactions...
2026-01-28 13:44:13,582 - root - ERROR - Error fetching transactions from binance: binance {"code":-2008,"msg":"Invalid Api-Key ID."}
2026-01-28 13:44:18,584 - root - INFO - Scanning binance for new transactions...
2026-01-28 13:44:18,841 - root - ERROR - Error fetching transactions from binance: binance {"code":-2008,"msg":"Invalid Api-Key ID."}
2026-01-28 13:44:23,842 - root - INFO - Scanning binance for new transactions...
2026-01-28 13:44:24,094 - root - ERROR - Error fetching transactions from binance: binance {"code":-2008,"msg":"Invalid Api-Key ID."}
2026-01-28 13:44:29,095 - root - INFO - Scanning binance for new transactions...
2026-01-28 13:44:29,354 - root - ERROR - Error fetching transactions from binance: binance {"code":-2008,"msg":"Invalid Api-Key ID."}
2026-01-28 13:44:34,355 - root - INFO - Scanning binance for new transactions...
2026-01-28 13:44:34,611 - root - ERROR - Error fetching transactions from binance: binance {"code":-2008,"msg":"Invalid Api-Key ID."}
2026-01-28 13:44:39,612 - root - INFO - Scanning binance for new transactions...
2026-01-28 13:44:39,864 - root - ERROR - Error fetching transactions from binance: binance {"code":-2008,"msg":"Invalid Api-Key ID."}
2026-01-28 13:44:44,865 - root - INFO - Scanning binance for new transactions...
2026-01-28 13:44:45,117 - root - ERROR - Error fetching transactions from binance: binance {"code":-2008,"msg":"Invalid Api-Key ID."}
2026-01-28 13:44:50,117 - root - INFO - Scanning binance for new transactions...
2026-01-28 13:44:50,370 - root - ERROR - Error fetching transactions from binance: binance {"code":-2008,"msg":"Invalid Api-Key ID."}
2026-01-28 13:44:55,371 - root - INFO - Scanning binance for new transactions...
2026-01-28 13:44:55,630 - root - ERROR - Error fetching transactions from binance: binance {"code":-2008,"msg":"Invalid Api-Key ID."}
2026-01-28 13:45:00,632 - root - INFO - Scanning binance for new transactions...
2026-01-28 13:45:00,888 - root - ERROR - Error fetching transactions from binance: binance {"code":-2008,"msg":"Invalid Api-Key ID."}
2026-01-28 13:45:05,889 - root - INFO - Scanning binance for new transactions...
2026-01-28 13:45:06,145 - root - ERROR - Error fetching transactions from binance: binance {"code":-2008,"msg":"Invalid Api-Key ID."}
2026-01-28 13:45:11,146 - root - INFO - Scanning binance for new transactions...
2026-01-28 13:45:11,413 - root - ERROR - Error fetching transactions from binance: binance {"code":-2008,"msg":"Invalid Api-Key ID."}
2026-01-28 13:45:16,414 - root - INFO - Scanning binance for new transactions...
2026-01-28 13:45:16,665 - root - ERROR - Error fetching transactions from binance: binance {"code":-2008,"msg":"Invalid Api-Key ID."}
2026-01-28 13:45:21,666 - root - INFO - Scanning binance for new transactions...
2026-01-28 13:45:21,920 - root - ERROR - Error fetching transactions from binance: binance {"code":-2008,"msg":"Invalid Api-Key ID."}
2026-01-28 13:45:26,920 - root - INFO - Scanning binance for new transactions...
2026-01-28 13:45:27,173 - root - ERROR - Error fetching transactions from binance: binance {"code":-2008,"msg":"Invalid Api-Key ID."}
2026-01-28 13:45:32,174 - root - INFO - Scanning binance for new transactions...
2026-01-28 13:45:32,429 - root - ERROR - Error fetching transactions from binance: binance {"code":-2008,"msg":"Invalid Api-Key ID."}
2026-01-28 13:45:37,430 - root - INFO - Scanning binance for new transactions...
2026-01-28 13:45:37,683 - root - ERROR - Error fetching transactions from binance: binance {"code":-2008,"msg":"Invalid Api-Key ID."}
2026-01-28 13:45:42,684 - root - INFO - Scanning binance for new transactions...
2026-01-28 13:45:42,937 - root - ERROR - Error fetching transactions from binance: binance {"code":-2008,"msg":"Invalid Api-Key ID."}
2026-01-28 13:45:47,938 - root - INFO - Scanning binance for new transactions...
2026-01-28 13:45:48,194 - root - ERROR - Error fetching transactions from binance: binance {"code":-2008,"msg":"Invalid Api-Key ID."}
2026-01-28 13:45:53,195 - root - INFO - Scanning binance for new transactions...
2026-01-28 13:45:53,449 - root - ERROR - Error fetching transactions from binance: binance {"code":-2008,"msg":"Invalid Api-Key ID."}
2026-01-28 13:45:58,450 - root - INFO - Scanning binance for new transactions...
2026-01-28 13:45:58,700 - root - ERROR - Error fetching transactions from binance: binance {"code":-2008,"msg":"Invalid Api-Key ID."}
2026-01-28 13:46:03,701 - root - INFO - Scanning binance for new transactions...
2026-01-28 13:46:03,957 - root - ERROR - Error fetching transactions from binance: binance {"code":-2008,"msg":"Invalid Api-Key ID."}
2026-01-28 13:46:08,958 - root - INFO - Scanning binance for new transactions...
2026-01-28 13:46:09,208 - root - ERROR - Error fetching transactions from binance: binance {"code":-2008,"msg":"Invalid Api-Key ID."}
2026-01-28 13:46:14,209 - root - INFO - Scanning binance for new transactions...
2026-01-28 13:46:14,467 - root - ERROR - Error fetching transactions from binance: binance {"code":-2008,"msg":"Invalid Api-Key ID."}
2026-01-28 13:46:19,469 - root - INFO - Scanning binance for new transactions...
2026-01-28 13:46:19,719 - root - ERROR - Error fetching transactions from binance: binance {"code":-2008,"msg":"Invalid Api-Key ID."}
2026-01-28 13:46:24,721 - root - INFO - Scanning binance for new transactions...
2026-01-28 13:46:24,976 - root - ERROR - Error fetching transactions from binance: binance {"code":-2008,"msg":"Invalid Api-Key ID."}
2026-01-28 13:46:29,977 - root - INFO - Scanning binance for new transactions...
2026-01-28 13:46:30,232 - root - ERROR - Error fetching transactions from binance: binance {"code":-2008,"msg":"Invalid Api-Key ID."}
2026-01-28 13:46:35,233 - root - INFO - Scanning binance for new transactions...
2026-01-28 13:46:35,489 - root - ERROR - Error fetching transactions from binance: binance {"code":-2008,"msg":"Invalid Api-Key ID."}
2026-01-28 13:46:40,490 - root - INFO - Scanning binance for new transactions...
2026-01-28 13:46:40,741 - root - ERROR - Error fetching transactions from binance: binance {"code":-2008,"msg":"Invalid Api-Key ID."}
2026-01-28 13:46:45,741 - root - INFO - Scanning binance for new transactions...
2026-01-28 13:46:45,996 - root - ERROR - Error fetching transactions from binance: binance {"code":-2008,"msg":"Invalid Api-Key ID."}
2026-01-28 13:46:50,997 - root - INFO - Scanning binance for new transactions...
2026-01-28 13:46:51,251 - root - ERROR - Error fetching transactions from binance: binance {"code":-2008,"msg":"Invalid Api-Key ID."}
2026-01-28 13:46:56,251 - root - INFO - Scanning binance for new transactions...
2026-01-28 13:46:56,505 - root - ERROR - Error fetching transactions from binance: binance {"code":-2008,"msg":"Invalid Api-Key ID."}
2026-01-28 13:47:01,506 - root - INFO - Scanning binance for new transactions...
2026-01-28 13:47:01,756 - root - ERROR - Error fetching transactions from binance: binance {"code":-2008,"msg":"Invalid Api-Key ID."}
2026-01-28 13:47:06,758 - root - INFO - Scanning binance for new transactions...
2026-01-28 13:47:07,018 - root - ERROR - Error fetching transactions from binance: binance {"code":-2008,"msg":"Invalid Api-Key ID."}
2026-01-28 13:47:12,019 - root - INFO - Scanning binance for new transactions...
2026-01-28 13:47:12,278 - root - ERROR - Error fetching transactions from binance: binance {"code":-2008,"msg":"Invalid Api-Key ID."}
2026-01-29 19:58:32,041 - root - INFO - Setting up bot for client: Company Alpha
2026-01-29 19:58:32,047 - root - INFO - Initialized exchange: binance
2026-01-29 19:58:32,047 - root - INFO - Bot is starting for all clients...
2026-01-29 19:58:32,047 - root - INFO - Security Monitoring started...
2026-01-29 19:58:32,047 - root - INFO - Scanning binance for new transactions...
2026-01-29 19:58:32,605 - root - ERROR - Error fetching transactions from binance: binance {"code":-2008,"msg":"Invalid Api-Key ID."}
2026-01-29 19:58:37,606 - root - INFO - Scanning binance for new transactions...
2026-01-29 19:58:37,846 - root - ERROR - Error fetching transactions from binance: binance {"code":-2008,"msg":"Invalid Api-Key ID."}
2026-01-29 19:58:42,848 - root - INFO - Scanning binance for new transactions...
2026-01-29 19:58:43,087 - root - ERROR - Error fetching transactions from binance: binance {"code":-2008,"msg":"Invalid Api-Key ID."}
2026-01-29 19:58:48,088 - root - INFO - Scanning binance for new transactions...
2026-01-29 19:58:48,328 - root - ERROR - Error fetching transactions from binance: binance {"code":-2008,"msg":"Invalid Api-Key ID."}
2026-01-29 19:58:53,330 - root - INFO - Scanning binance for new transactions...
2026-01-29 19:58:53,573 - root - ERROR - Error fetching transactions from binance: binance {"code":-2008,"msg":"Invalid Api-Key ID."}
2026-01-29 19:58:58,574 - root - INFO - Scanning binance for new transactions...
2026-01-29 19:58:58,817 - root - ERROR - Error fetching transactions from binance: binance {"code":-2008,"msg":"Invalid Api-Key ID."}
2026-01-29 19:59:03,819 - root - INFO - Scanning binance for new transactions...
2026-01-29 19:59:04,061 - root - ERROR - Error fetching transactions from binance: binance {"code":-2008,"msg":"Invalid Api-Key ID."}
2026-01-29 19:59:09,063 - root - INFO - Scanning binance for new transactions...
2026-01-29 19:59:09,309 - root - ERROR - Error fetching transactions from binance: binance {"code":-2008,"msg":"Invalid Api-Key ID."}
2026-01-29 19:59:14,310 - root - INFO - Scanning binance for new transactions...
2026-01-29 19:59:14,552 - root - ERROR - Error fetching transactions from binance: binance {"code":-2008,"msg":"Invalid Api-Key ID."}
2026-01-29 19:59:19,553 - root - INFO - Scanning binance for new transactions...
2026-01-29 19:59:19,798 - root - ERROR - Error fetching transactions from binance: binance {"code":-2008,"msg":"Invalid Api-Key ID."}
2026-01-29 19:59:24,799 - root - INFO - Scanning binance for new transactions...
2026-01-29 19:59:25,038 - root - ERROR - Error fetching transactions from binance: binance {"code":-2008,"msg":"Invalid Api-Key ID."}
2026-01-29 19:59:30,040 - root - INFO - Scanning binance for new transactions...
2026-01-29 19:59:30,283 - root - ERROR - Error fetching transactions from binance: binance {"code":-2008,"msg":"Invalid Api-Key ID."}
2026-01-29 19:59:35,286 - root - INFO - Scanning binance for new transactions...
2026-01-29 19:59:35,526 - root - ERROR - Error fetching transactions from binance: binance {"code":-2008,"msg":"Invalid Api-Key ID."}
2026-01-29 19:59:40,528 - root - INFO - Scanning binance for new transactions...
2026-01-29 19:59:40,772 - root - ERROR - Error fetching transactions from binance: binance {"code":-2008,"msg":"Invalid Api-Key ID."}
2026-01-29 19:59:45,774 - root - INFO - Scanning binance for new transactions...
2026-01-29 19:59:46,017 - root - ERROR - Error fetching transactions from binance: binance {"code":-2008,"msg":"Invalid Api-Key ID."}
2026-01-29 19:59:51,018 - root - INFO - Scanning binance for new transactions...
2026-01-29 19:59:51,262 - root - ERROR - Error fetching transactions from binance: binance {"code":-2008,"msg":"Invalid Api-Key ID."}
2026-01-29 19:59:56,265 - root - INFO - Scanning binance for new transactions...
2026-01-29 19:59:56,508 - root - ERROR - Error fetching transactions from binance: binance {"code":-2008,"msg":"Invalid Api-Key ID."}
2026-01-29 20:00:01,511 - root - INFO - Scanning binance for new transactions...
2026-01-29 20:00:02,203 - root - ERROR - Error fetching transactions from binance: binance {"code":-2008,"msg":"Invalid Api-Key ID."}
2026-01-29 20:00:07,205 - root - INFO - Scanning binance for new transactions...
2026-01-29 20:00:08,070 - root - ERROR - Error fetching transactions from binance: binance {"code":-2008,"msg":"Invalid Api-Key ID."}
2026-01-29 20:00:13,073 - root - INFO - Scanning binance for new transactions...
2026-01-29 20:00:13,315 - root - ERROR - Error fetching transactions from binance: binance {"code":-2008,"msg":"Invalid Api-Key ID."}
2026-01-29 20:00:18,317 - root - INFO - Scanning binance for new transactions...
2026-01-29 20:00:18,552 - root - ERROR - Error fetching transactions from binance: binance {"code":-2008,"msg":"Invalid Api-Key ID."}
2026-01-29 20:00:23,554 - root - INFO - Scanning binance for new transactions...
2026-01-29 20:00:23,790 - root - ERROR - Error fetching transactions from binance: binance {"code":-2008,"msg":"Invalid Api-Key ID."}
2026-01-29 20:00:28,792 - root - INFO - Scanning binance for new transactions...
2026-01-29 20:00:29,039 - root - ERROR - Error fetching transactions from binance: binance {"code":-2008,"msg":"Invalid Api-Key ID."}
2026-01-29 20:00:34,042 - root - INFO - Scanning binance for new transactions...
2026-01-29 20:00:34,683 - root - ERROR - Error fetching transactions from binance: binance {"code":-2008,"msg":"Invalid Api-Key ID."}
2026-01-29 20:00:39,686 - root - INFO - Scanning binance for new transactions...
2026-01-29 20:00:39,928 - root - ERROR - Error fetching transactions from binance: binance {"code":-2008,"msg":"Invalid Api-Key ID."}
2026-01-29 20:00:44,931 - root - INFO - Scanning binance for new transactions...
2026-01-29 20:00:45,165 - root - ERROR - Error fetching transactions from binance: binance {"code":-2008,"msg":"Invalid Api-Key ID."}
2026-01-29 20:00:50,167 - root - INFO - Scanning binance for new transactions...
2026-01-29 20:00:50,414 - root - ERROR - Error fetching transactions from binance: binance {"code":-2008,"msg":"Invalid Api-Key ID."}
2026-01-29 20:00:55,416 - root - INFO - Scanning binance for new transactions...
2026-01-29 20:00:55,659 - root - ERROR - Error fetching transactions from binance: binance {"code":-2008,"msg":"Invalid Api-Key ID."}
2026-01-29 20:01:00,661 - root - INFO - Scanning binance for new transactions...
2026-01-29 20:01:00,907 - root - ERROR - Error fetching transactions from binance: binance {"code":-2008,"msg":"Invalid Api-Key ID."}
2026-01-29 20:01:05,909 - root - INFO - Scanning binance for new transactions...
2026-01-29 20:01:06,572 - root - ERROR - Error fetching transactions from binance: binance {"code":-2008,"msg":"Invalid Api-Key ID."}
2026-01-29 20:01:11,574 - root - INFO - Scanning binance for new transactions...
2026-01-29 20:01:11,814 - root - ERROR - Error fetching transactions from binance: binance {"code":-2008,"msg":"Invalid Api-Key ID."}
2026-01-29 20:01:16,817 - root - INFO - Scanning binance for new transactions...
2026-01-29 20:01:17,063 - root - ERROR - Error fetching transactions from binance: binance {"code":-2008,"msg":"Invalid Api-Key ID."}
2026-01-29 20:01:22,065 - root - INFO - Scanning binance for new transactions...
2026-01-29 20:01:22,305 - root - ERROR - Error fetching transactions from binance: binance {"code":-2008,"msg":"Invalid Api-Key ID."}
2026-01-29 20:01:27,308 - root - INFO - Scanning binance for new transactions...
2026-01-29 20:01:27,554 - root - ERROR - Error fetching transactions from binance: binance {"code":-2008,"msg":"Invalid Api-Key ID."}
2026-01-29 20:01:32,555 - root - INFO - Scanning binance for new transactions...
2026-01-29 20:01:32,800 - root - ERROR - Error fetching transactions from binance: binance {"code":-2008,"msg":"Invalid Api-Key ID."}
2026-01-29 20:01:37,802 - root - INFO - Scanning binance for new transactions...
2026-01-29 20:01:38,043 - root - ERROR - Error fetching transactions from binance: binance {"code":-2008,"msg":"Invalid Api-Key ID."}
2026-01-29 20:01:43,045 - root - INFO - Scanning binance for new transactions...
2026-01-29 20:01:43,289 - root - ERROR - Error fetching transactions from binance: binance {"code":-2008,"msg":"Invalid Api-Key ID."}
2026-01-29 20:01:48,291 - root - INFO - Scanning binance for new transactions...
2026-01-29 20:01:48,531 - root - ERROR - Error fetching transactions from binance: binance {"code":-2008,"msg":"Invalid Api-Key ID."}
2026-01-29 20:01:53,533 - root - INFO - Scanning binance for new transactions...
2026-01-29 20:01:53,780 - root - ERROR - Error fetching transactions from binance: binance {"code":-2008,"msg":"Invalid Api-Key ID."}
2026-01-29 20:01:58,783 - root - INFO - Scanning binance for new transactions...
2026-01-29 20:01:59,024 - root - ERROR - Error fetching transactions from binance: binance {"code":-2008,"msg":"Invalid Api-Key ID."}
2026-01-29 20:02:04,026 - root - INFO - Scanning binance for new transactions...
2026-01-29 20:02:04,271 - root - ERROR - Error fetching transactions from binance: binance {"code":-2008,"msg":"Invalid Api-Key ID."}
2026-01-29 20:02:09,273 - root - INFO - Scanning binance for new transactions...
2026-01-29 20:02:09,520 - root - ERROR - Error fetching transactions from binance: binance {"code":-2008,"msg":"Invalid Api-Key ID."}
2026-01-29 20:02:14,522 - root - INFO - Scanning binance for new transactions...
2026-01-29 20:02:14,763 - root - ERROR - Error fetching transactions from binance: binance {"code":-2008,"msg":"Invalid Api-Key ID."}
2026-01-29 20:02:19,765 - root - INFO - Scanning binance for new transactions...
2026-01-29 20:02:20,021 - root - ERROR - Error fetching transactions from binance: binance {"code":-2008,"msg":"Invalid Api-Key ID."}
2026-01-29 20:02:25,023 - root - INFO - Scanning binance for new transactions...
2026-01-29 20:02:25,266 - root - ERROR - Error fetching transactions from binance: binance {"code":-2008,"msg":"Invalid Api-Key ID."}
2026-01-29 20:02:30,269 - root - INFO - Scanning binance for new transactions...
2026-01-29 20:02:30,513 - root - ERROR - Error fetching transactions from binance: binance {"code":-2008,"msg":"Invalid Api-Key ID."}
2026-01-29 20:02:35,516 - root - INFO - Scanning binance for new transactions...
2026-01-29 20:02:35,762 - root - ERROR - Error fetching transactions from binance: binance {"code":-2008,"msg":"Invalid Api-Key ID."}
2026-01-29 20:02:40,764 - root - INFO - Scanning binance for new transactions...
2026-01-29 20:02:41,002 - root - ERROR - Error fetching transactions from binance: binance {"code":-2008,"msg":"Invalid Api-Key ID."}
2026-01-29 20:02:46,005 - root - INFO - Scanning binance for new transactions...
2026-01-29 20:02:46,249 - root - ERROR - Error fetching transactions from binance: binance {"code":-2008,"msg":"Invalid Api-Key ID."}
2026-01-29 20:02:51,252 - root - INFO - Scanning binance for new transactions...
2026-01-29 20:02:51,494 - root - ERROR - Error fetching transactions from binance: binance {"code":-2008,"msg":"Invalid Api-Key ID."}
2026-01-29 20:02:56,497 - root - INFO - Scanning binance for new transactions...
2026-01-29 20:02:56,734 - root - ERROR - Error fetching transactions from binance: binance {"code":-2008,"msg":"Invalid Api-Key ID."}
2026-01-29 20:03:01,737 - root - INFO - Scanning binance for new transactions...
2026-01-29 20:03:01,974 - root - ERROR - Error fetching transactions from binance: binance {"code":-2008,"msg":"Invalid Api-Key ID."}
2026-01-29 20:03:06,976 - root - INFO - Scanning binance for new transactions...
2026-01-29 20:03:07,221 - root - ERROR - Error fetching transactions from binance: binance {"code":-2008,"msg":"Invalid Api-Key ID."}
2026-01-29 20:03:12,224 - root - INFO - Scanning binance for new transactions...
2026-01-29 20:03:12,465 - root - ERROR - Error fetching transactions from binance: binance {"code":-2008,"msg":"Invalid Api-Key ID."}
2026-01-29 20:03:17,467 - root - INFO - Scanning binance for new transactions...
2026-01-29 20:03:17,707 - root - ERROR - Error fetching transactions from binance: binance {"code":-2008,"msg":"Invalid Api-Key ID."}
2026-01-29 20:03:22,710 - root - INFO - Scanning binance for new transactions...
2026-01-29 20:03:22,948 - root - ERROR - Error fetching transactions from binance: binance {"code":-2008,"msg":"Invalid Api-Key ID."}
2026-01-29 20:03:27,952 - root - INFO - Scanning binance for new transactions...
2026-01-29 20:03:28,196 - root - ERROR - Error fetching transactions from binance: binance {"code":-2008,"msg":"Invalid Api-Key ID."}
2026-01-29 20:03:33,199 - root - INFO - Scanning binance for new transactions...
2026-01-29 20:03:33,439 - root - ERROR - Error fetching transactions from binance: binance {"code":-2008,"msg":"Invalid Api-Key ID."}
2026-01-29 20:03:38,443 - root - INFO - Scanning binance for new transactions...
2026-01-29 20:03:38,685 - root - ERROR - Error fetching transactions from binance: binance {"code":-2008,"msg":"Invalid Api-Key ID."}
2026-01-29 20:03:43,688 - root - INFO - Scanning binance for new transactions...
2026-01-29 20:03:43,934 - root - ERROR - Error fetching transactions from binance: binance {"code":-2008,"msg":"Invalid Api-Key ID."}
2026-01-29 20:03:48,937 - root - INFO - Scanning binance for new transactions...
2026-01-29 20:03:49,185 - root - ERROR - Error fetching transactions from binance: binance {"code":-2008,"msg":"Invalid Api-Key ID."}
2026-01-29 20:03:54,188 - root - INFO - Scanning binance for new transactions...
2026-01-29 20:03:54,430 - root - ERROR - Error fetching transactions from binance: binance {"code":-2008,"msg":"Invalid Api-Key ID."}
2026-01-29 20:03:59,434 - root - INFO - Scanning binance for new transactions...
2026-01-29 20:03:59,680 - root - ERROR - Error fetching transactions from binance: binance {"code":-2008,"msg":"Invalid Api-Key ID."}
2026-01-29 20:04:04,685 - root - INFO - Scanning binance for new transactions...
2026-01-29 20:04:04,932 - root - ERROR - Error fetching transactions from binance: binance {"code":-2008,"msg":"Invalid Api-Key ID."}
2026-01-29 20:04:09,936 - root - INFO - Scanning binance for new transactions...
2026-01-29 20:04:10,179 - root - ERROR - Error fetching transactions from binance: binance {"code":-2008,"msg":"Invalid Api-Key ID."}
2026-01-29 20:04:15,183 - root - INFO - Scanning binance for new transactions...
2026-01-29 20:04:15,427 - root - ERROR - Error fetching transactions from binance: binance {"code":-2008,"msg":"Invalid Api-Key ID."}
2026-01-29 20:04:20,430 - root - INFO - Scanning binance for new transactions...
2026-01-29 20:04:20,670 - root - ERROR - Error fetching transactions from binance: binance {"code":-2008,"msg":"Invalid Api-Key ID."}
2026-01-29 20:04:25,673 - root - INFO - Scanning binance for new transactions...
2026-01-29 20:04:25,917 - root - ERROR - Error fetching transactions from binance: binance {"code":-2008,"msg":"Invalid Api-Key ID."}
2026-01-29 20:04:30,920 - root - INFO - Scanning binance for new transactions...
2026-01-29 20:04:31,164 - root - ERROR - Error fetching transactions from binance: binance {"code":-2008,"msg":"Invalid Api-Key ID."}
2026-01-29 20:04:36,167 - root - INFO - Scanning binance for new transactions...
2026-01-29 20:04:36,410 - root - ERROR - Error fetching transactions from binance: binance {"code":-2008,"msg":"Invalid Api-Key ID."}
2026-01-29 20:04:41,414 - root - INFO - Scanning binance for new transactions...
2026-01-29 20:04:41,657 - root - ERROR - Error fetching transactions from binance: binance {"code":-2008,"msg":"Invalid Api-Key ID."}
2026-01-29 20:04:46,659 - root - INFO - Scanning binance for new transactions...
2026-01-29 20:04:46,902 - root - ERROR - Error fetching transactions from binance: binance {"code":-2008,"msg":"Invalid Api-Key ID."}
2026-01-29 20:04:51,905 - root - INFO - Scanning binance for new transactions...
2026-01-29 20:04:52,151 - root - ERROR - Error fetching transactions from binance: binance {"code":-2008,"msg":"Invalid Api-Key ID."}
2026-01-29 20:04:57,154 - root - INFO - Scanning binance for new transactions...
2026-01-29 20:04:57,399 - root - ERROR - Error fetching transactions from binance: binance {"code":-2008,"msg":"Invalid Api-Key ID."}
2026-01-29 20:05:02,402 - root - INFO - Scanning binance for new transactions...
2026-01-29 20:05:02,646 - root - ERROR - Error fetching transactions from binance: binance {"code":-2008,"msg":"Invalid Api-Key ID."}
2026-01-29 20:05:07,649 - root - INFO - Scanning binance for new transactions...
2026-01-29 20:05:07,888 - root - ERROR - Error fetching transactions from binance: binance {"code":-2008,"msg":"Invalid Api-Key ID."}
2026-01-29 20:05:12,892 - root - INFO - Scanning binance for new transactions...
2026-01-29 20:05:13,137 - root - ERROR - Error fetching transactions from binance: binance {"code":-2008,"msg":"Invalid Api-Key ID."}
2026-01-29 20:05:18,140 - root - INFO - Scanning binance for new transactions...
2026-01-29 20:05:18,978 - root - ERROR - Error fetching transactions from binance: binance {"code":-2008,"msg":"Invalid Api-Key ID."}
2026-01-29 20:05:24,214 - root - INFO - Scanning binance for new transactions...
2026-01-29 20:05:24,458 - root - ERROR - Error fetching transactions from binance: binance {"code":-2008,"msg":"Invalid Api-Key ID."}
2026-01-29 20:05:29,461 - root - INFO - Scanning binance for new transactions...
2026-01-29 20:05:29,705 - root - ERROR - Error fetching transactions from binance: binance {"code":-2008,"msg":"Invalid Api-Key ID."}
2026-01-29 20:05:34,709 - root - INFO - Scanning binance for new transactions...
2026-01-29 20:05:34,949 - root - ERROR - Error fetching transactions from binance: binance {"code":-2008,"msg":"Invalid Api-Key ID."}
2026-01-29 20:05:39,954 - root - INFO - Scanning binance for new transactions...
2026-01-29 20:05:40,194 - root - ERROR - Error fetching transactions from binance: binance {"code":-2008,"msg":"Invalid Api-Key ID."}
2026-01-29 20:05:45,200 - root - INFO - Scanning binance for new transactions...
2026-01-29 20:05:45,451 - root - ERROR - Error fetching transactions from binance: binance {"code":-2008,"msg":"Invalid Api-Key ID."}
2026-01-29 20:05:50,456 - root - INFO - Scanning binance for new transactions...
2026-01-29 20:05:50,702 - root - ERROR - Error fetching transactions from binance: binance {"code":-2008,"msg":"Invalid Api-Key ID."}
2026-01-29 20:05:55,705 - root - INFO - Scanning binance for new transactions...
2026-01-29 20:05:55,959 - root - ERROR - Error fetching transactions from binance: binance {"code":-2008,"msg":"Invalid Api-Key ID."}
2026-01-29 20:06:00,962 - root - INFO - Scanning binance for new transactions...
2026-01-29 20:06:01,203 - root - ERROR - Error fetching transactions from binance: binance {"code":-2008,"msg":"Invalid Api-Key ID."}
2026-01-29 20:06:06,207 - root - INFO - Scanning binance for new transactions...
2026-01-29 20:06:06,458 - root - ERROR - Error fetching transactions from binance: binance {"code":-2008,"msg":"Invalid Api-Key ID."}
2026-01-29 20:06:11,462 - root - INFO - Scanning binance for new transactions...
2026-01-29 20:06:11,709 - root - ERROR - Error fetching transactions from binance: binance {"code":-2008,"msg":"Invalid Api-Key ID."}
2026-01-29 20:06:16,713 - root - INFO - Scanning binance for new transactions...
2026-01-29 20:06:16,953 - root - ERROR - Error fetching transactions from binance: binance {"code":-2008,"msg":"Invalid Api-Key ID."}
2026-01-29 20:06:21,957 - root - INFO - Scanning binance for new transactions...
2026-01-29 20:06:22,200 - root - ERROR - Error fetching transactions from binance: binance {"code":-2008,"msg":"Invalid Api-Key ID."}
2026-01-29 20:06:27,203 - root - INFO - Scanning binance for new transactions...
2026-01-29 20:06:27,453 - root - ERROR - Error fetching transactions from binance: binance {"code":-2008,"msg":"Invalid Api-Key ID."}
2026-01-29 20:06:32,458 - root - INFO - Scanning binance for new transactions...
2026-01-29 20:06:32,700 - root - ERROR - Error fetching transactions from binance: binance {"code":-2008,"msg":"Invalid Api-Key ID."}
2026-01-29 20:06:37,705 - root - INFO - Scanning binance for new transactions...
2026-01-29 20:06:37,947 - root - ERROR - Error fetching transactions from binance: binance {"code":-2008,"msg":"Invalid Api-Key ID."}
2026-01-29 20:06:42,951 - root - INFO - Scanning binance for new transactions...
2026-01-29 20:06:43,193 - root - ERROR - Error fetching transactions from binance: binance {"code":-2008,"msg":"Invalid Api-Key ID."}
2026-01-29 20:06:48,197 - root - INFO - Scanning binance for new transactions...
2026-01-29 20:06:48,435 - root - ERROR - Error fetching transactions from binance: binance {"code":-2008,"msg":"Invalid Api-Key ID."}
2026-01-29 20:06:53,440 - root - INFO - Scanning binance for new transactions...
2026-01-29 20:06:53,686 - root - ERROR - Error fetching transactions from binance: binance {"code":-2008,"msg":"Invalid Api-Key ID."}
2026-01-29 20:06:58,691 - root - INFO - Scanning binance for new transactions...
2026-01-29 20:06:58,946 - root - ERROR - Error fetching transactions from binance: binance {"code":-2008,"msg":"Invalid Api-Key ID."}
2026-01-29 20:07:03,949 - root - INFO - Scanning binance for new transactions...
2026-01-29 20:07:04,196 - root - ERROR - Error fetching transactions from binance: binance {"code":-2008,"msg":"Invalid Api-Key ID."}
2026-01-29 20:07:09,199 - root - INFO - Scanning binance for new transactions...
2026-01-29 20:07:09,439 - root - ERROR - Error fetching transactions from binance: binance {"code":-2008,"msg":"Invalid Api-Key ID."}
2026-01-29 20:07:14,442 - root - INFO - Scanning binance for new transactions...
2026-01-29 20:07:14,690 - root - ERROR - Error fetching transactions from binance: binance {"code":-2008,"msg":"Invalid Api-Key ID."}
2026-01-29 20:07:19,695 - root - INFO - Scanning binance for new transactions...
2026-01-29 20:07:19,940 - root - ERROR - Error fetching transactions from binance: binance {"code":-2008,"msg":"Invalid Api-Key ID."}
2026-01-29 20:07:24,944 - root - INFO - Scanning binance for new transactions...
2026-01-29 20:07:25,190 - root - ERROR - Error fetching transactions from binance: binance {"code":-2008,"msg":"Invalid Api-Key ID."}
2026-01-29 20:07:30,194 - root - INFO - Scanning binance for new transactions...
2026-01-29 20:07:30,440 - root - ERROR - Error fetching transactions from binance: binance {"code":-2008,"msg":"Invalid Api-Key ID."}
2026-01-29 20:07:35,444 - root - INFO - Scanning binance for new transactions...
2026-01-29 20:07:35,692 - root - ERROR - Error fetching transactions from binance: binance {"code":-2008,"msg":"Invalid Api-Key ID."}
2026-01-29 20:07:40,696 - root - INFO - Scanning binance for new transactions...
2026-01-29 20:07:40,938 - root - ERROR - Error fetching transactions from binance: binance {"code":-2008,"msg":"Invalid Api-Key ID."}
2026-01-29 20:07:45,943 - root - INFO - Scanning binance for new transactions...
2026-01-29 20:07:46,205 - root - ERROR - Error fetching transactions from binance: binance {"code":-2008,"msg":"Invalid Api-Key ID."}
2026-01-29 20:07:51,208 - root - INFO - Scanning binance for new transactions...
2026-01-29 20:07:51,453 - root - ERROR - Error fetching transactions from binance: binance {"code":-2008,"msg":"Invalid Api-Key ID."}
2026-01-29 20:07:56,457 - root - INFO - Scanning binance for new transactions...
2026-01-29 20:07:56,704 - root - ERROR - Error fetching transactions from binance: binance {"code":-2008,"msg":"Invalid Api-Key ID."}
2026-01-29 20:08:01,708 - root - INFO - Scanning binance for new transactions...
2026-01-29 20:08:01,950 - root - ERROR - Error fetching transactions from binance: binance {"code":-2008,"msg":"Invalid Api-Key ID."}
2026-01-29 20:08:06,954 - root - INFO - Scanning binance for new transactions...
2026-01-29 20:08:07,199 - root - ERROR - Error fetching transactions from binance: binance {"code":-2008,"msg":"Invalid Api-Key ID."}
2026-01-29 20:08:12,203 - root - INFO - Scanning binance for new transactions...
2026-01-29 20:08:12,448 - root - ERROR - Error fetching transactions from binance: binance {"code":-2008,"msg":"Invalid Api-Key ID."}
2026-01-29 20:08:17,452 - root - INFO - Scanning binance for new transactions...
2026-01-29 20:08:17,690 - root - ERROR - Error fetching transactions from binance: binance {"code":-2008,"msg":"Invalid Api-Key ID."}
2026-01-29 20:08:22,697 - root - INFO - Scanning binance for new transactions...
2026-01-29 20:08:22,944 - root - ERROR - Error fetching transactions from binance: binance {"code":-2008,"msg":"Invalid Api-Key ID."}
2026-01-29 20:08:27,947 - root - INFO - Scanning binance for new transactions...
2026-01-29 20:08:28,195 - root - ERROR - Error fetching transactions from binance: binance {"code":-2008,"msg":"Invalid Api-Key ID."}
2026-01-29 20:08:33,199 - root - INFO - Scanning binance for new transactions...
2026-01-29 20:08:33,443 - root - ERROR - Error fetching transactions from binance: binance {"code":-2008,"msg":"Invalid Api-Key ID."}
2026-01-29 20:08:38,447 - root - INFO - Scanning binance for new transactions...
2026-01-29 20:08:38,688 - root - ERROR - Error fetching transactions from binance: binance {"code":-2008,"msg":"Invalid Api-Key ID."}
2026-01-29 20:08:43,692 - root - INFO - Scanning binance for new transactions...
2026-01-29 20:08:43,930 - root - ERROR - Error fetching transactions from binance: binance {"code":-2008,"msg":"Invalid Api-Key ID."}
2026-01-29 20:08:48,934 - root - INFO - Scanning binance for new transactions...
2026-01-29 20:08:49,177 - root - ERROR - Error fetching transactions from binance: binance {"code":-2008,"msg":"Invalid Api-Key ID."}
2026-01-29 20:08:54,181 - root - INFO - Scanning binance for new transactions...
2026-01-29 20:08:54,429 - root - ERROR - Error fetching transactions from binance: binance {"code":-2008,"msg":"Invalid Api-Key ID."}
2026-01-29 20:08:59,537 - root - INFO - Scanning binance for new transactions...
2026-01-29 20:08:59,783 - root - ERROR - Error fetching transactions from binance: binance {"code":-2008,"msg":"Invalid Api-Key ID."}
2026-01-29 20:09:04,787 - root - INFO - Scanning binance for new transactions...
2026-01-29 20:09:05,028 - root - ERROR - Error fetching transactions from binance: binance {"code":-2008,"msg":"Invalid Api-Key ID."}
2026-01-29 20:09:10,033 - root - INFO - Scanning binance for new transactions...
2026-01-29 20:09:10,276 - root - ERROR - Error fetching transactions from binance: binance {"code":-2008,"msg":"Invalid Api-Key ID."}
2026-01-29 20:09:15,281 - root - INFO - Scanning binance for new transactions...
2026-01-29 20:09:15,528 - root - ERROR - Error fetching transactions from binance: binance {"code":-2008,"msg":"Invalid Api-Key ID."}
2026-01-29 20:09:20,533 - root - INFO - Scanning binance for new transactions...
2026-01-29 20:09:20,776 - root - ERROR - Error fetching transactions from binance: binance {"code":-2008,"msg":"Invalid Api-Key ID."}
2026-01-29 20:09:25,780 - root - INFO - Scanning binance for new transactions...
2026-01-29 20:09:26,023 - root - ERROR - Error fetching transactions from binance: binance {"code":-2008,"msg":"Invalid Api-Key ID."}
2026-01-29 20:09:31,027 - root - INFO - Scanning binance for new transactions...
2026-01-29 20:09:31,268 - root - ERROR - Error fetching transactions from binance: binance {"code":-2008,"msg":"Invalid Api-Key ID."}
2026-01-29 20:09:36,273 - root - INFO - Scanning binance for new transactions...
2026-01-29 20:09:36,519 - root - ERROR - Error fetching transactions from binance: binance {"code":-2008,"msg":"Invalid Api-Key ID."}
2026-01-29 20:09:41,523 - root - INFO - Scanning binance for new transactions...
2026-01-29 20:09:41,772 - root - ERROR - Error fetching transactions from binance: binance {"code":-2008,"msg":"Invalid Api-Key ID."}
2026-01-29 20:09:46,776 - root - INFO - Scanning binance for new transactions...
2026-01-29 20:09:47,017 - root - ERROR - Error fetching transactions from binance: binance {"code":-2008,"msg":"Invalid Api-Key ID."}
2026-01-29 20:09:52,022 - root - INFO - Scanning binance for new transactions...
2026-01-29 20:09:52,269 - root - ERROR - Error fetching transactions from binance: binance {"code":-2008,"msg":"Invalid Api-Key ID."}
2026-01-29 20:09:57,274 - root - INFO - Scanning binance for new transactions...
2026-01-29 20:09:57,518 - root - ERROR - Error fetching transactions from binance: binance {"code":-2008,"msg":"Invalid Api-Key ID."}
2026-01-29 20:10:02,524 - root - INFO - Scanning binance for new transactions...
2026-01-29 20:10:02,765 - root - ERROR - Error fetching transactions from binance: binance {"code":-2008,"msg":"Invalid Api-Key ID."}
2026-01-29 20:10:07,770 - root - INFO - Scanning binance for new transactions...
2026-01-29 20:10:08,027 - root - ERROR - Error fetching transactions from binance: binance {"code":-2008,"msg":"Invalid Api-Key ID."}
2026-01-29 20:10:13,031 - root - INFO - Scanning binance for new transactions...
2026-01-29 20:10:13,272 - root - ERROR - Error fetching transactions from binance: binance {"code":-2008,"msg":"Invalid Api-Key ID."}
2026-01-29 20:10:18,277 - root - INFO - Scanning binance for new transactions...
2026-01-29 20:10:18,519 - root - ERROR - Error fetching transactions from binance: binance {"code":-2008,"msg":"Invalid Api-Key ID."}
2026-01-29 20:10:23,524 - root - INFO - Scanning binance for new transactions...
2026-01-29 20:10:23,766 - root - ERROR - Error fetching transactions from binance: binance {"code":-2008,"msg":"Invalid Api-Key ID."}
2026-01-29 20:10:28,771 - root - INFO - Scanning binance for new transactions...
2026-01-29 20:10:29,424 - root - ERROR - Error fetching transactions from binance: binance {"code":-2008,"msg":"Invalid Api-Key ID."}
2026-01-29 20:10:34,428 - root - INFO - Scanning binance for new transactions...
2026-01-29 20:10:34,675 - root - ERROR - Error fetching transactions from binance: binance {"code":-2008,"msg":"Invalid Api-Key ID."}
2026-01-29 20:10:39,680 - root - INFO - Scanning binance for new transactions...
2026-01-29 20:10:39,925 - root - ERROR - Error fetching transactions from binance: binance {"code":-2008,"msg":"Invalid Api-Key ID."}
2026-01-29 20:10:44,929 - root - INFO - Scanning binance for new transactions...
2026-01-29 20:10:45,183 - root - ERROR - Error fetching transactions from binance: binance {"code":-2008,"msg":"Invalid Api-Key ID."}
2026-01-29 20:10:50,187 - root - INFO - Scanning binance for new transactions...
2026-01-29 20:10:50,432 - root - ERROR - Error fetching transactions from binance: binance {"code":-2008,"msg":"Invalid Api-Key ID."}
2026-01-29 20:10:55,436 - root - INFO - Scanning binance for new transactions...
2026-01-29 20:10:55,674 - root - ERROR - Error fetching transactions from binance: binance {"code":-2008,"msg":"Invalid Api-Key ID."}
2026-01-29 20:11:00,678 - root - INFO - Scanning binance for new transactions...
2026-01-29 20:11:00,918 - root - ERROR - Error fetching transactions from binance: binance {"code":-2008,"msg":"Invalid Api-Key ID."}
2026-01-29 20:11:05,923 - root - INFO - Scanning binance for new transactions...
2026-01-29 20:11:06,168 - root - ERROR - Error fetching transactions from binance: binance {"code":-2008,"msg":"Invalid Api-Key ID."}
2026-01-29 20:11:11,173 - root - INFO - Scanning binance for new transactions...
2026-01-29 20:11:11,419 - root - ERROR - Error fetching transactions from binance: binance {"code":-2008,"msg":"Invalid Api-Key ID."}
2026-01-29 20:11:16,424 - root - INFO - Scanning binance for new transactions...
2026-01-29 20:11:16,666 - root - ERROR - Error fetching transactions from binance: binance {"code":-2008,"msg":"Invalid Api-Key ID."}
2026-01-29 20:11:21,670 - root - INFO - Scanning binance for new transactions...
2026-01-29 20:11:21,914 - root - ERROR - Error fetching transactions from binance: binance {"code":-2008,"msg":"Invalid Api-Key ID."}
2026-01-29 20:11:26,918 - root - INFO - Scanning binance for new transactions...
2026-01-29 20:11:27,160 - root - ERROR - Error fetching transactions from binance: binance {"code":-2008,"msg":"Invalid Api-Key ID."}
2026-01-29 20:11:32,165 - root - INFO - Scanning binance for new transactions...
2026-01-29 20:11:32,410 - root - ERROR - Error fetching transactions from binance: binance {"code":-2008,"msg":"Invalid Api-Key ID."}
2026-01-29 20:11:37,414 - root - INFO - Scanning binance for new transactions...
2026-01-29 20:11:37,658 - root - ERROR - Error fetching transactions from binance: binance {"code":-2008,"msg":"Invalid Api-Key ID."}
2026-01-29 20:11:42,662 - root - INFO - Scanning binance for new transactions...
2026-01-29 20:11:42,904 - root - ERROR - Error fetching transactions from binance: binance {"code":-2008,"msg":"Invalid Api-Key ID."}
2026-01-29 20:11:47,909 - root - INFO - Scanning binance for new transactions...
2026-01-29 20:11:48,152 - root - ERROR - Error fetching transactions from binance: binance {"code":-2008,"msg":"Invalid Api-Key ID."}
2026-01-29 20:11:53,157 - root - INFO - Scanning binance for new transactions...
2026-01-29 20:11:53,400 - root - ERROR - Error fetching transactions from binance: binance {"code":-2008,"msg":"Invalid Api-Key ID."}
2026-01-29 20:11:58,405 - root - INFO - Scanning binance for new transactions...
2026-01-29 20:11:58,652 - root - ERROR - Error fetching transactions from binance: binance {"code":-2008,"msg":"Invalid Api-Key ID."}
2026-01-29 20:12:03,657 - root - INFO - Scanning binance for new transactions...
2026-01-29 20:12:03,901 - root - ERROR - Error fetching transactions from binance: binance {"code":-2008,"msg":"Invalid Api-Key ID."}
2026-01-29 20:12:08,906 - root - INFO - Scanning binance for new transactions...
2026-01-29 20:12:09,151 - root - ERROR - Error fetching transactions from binance: binance {"code":-2008,"msg":"Invalid Api-Key ID."}
2026-01-29 20:12:14,155 - root - INFO - Scanning binance for new transactions...
2026-01-29 20:12:14,398 - root - ERROR - Error fetching transactions from binance: binance {"code":-2008,"msg":"Invalid Api-Key ID."}
2026-01-29 20:12:19,403 - root - INFO - Scanning binance for new transactions...
2026-01-29 20:12:19,644 - root - ERROR - Error fetching transactions from binance: binance {"code":-2008,"msg":"Invalid Api-Key ID."}
2026-01-29 20:12:24,653 - root - INFO - Scanning binance for new transactions...
2026-01-29 20:12:24,900 - root - ERROR - Error fetching transactions from binance: binance {"code":-2008,"msg":"Invalid Api-Key ID."}
2026-01-29 20:12:29,905 - root - INFO - Scanning binance for new transactions...
2026-01-29 20:12:30,149 - root - ERROR - Error fetching transactions from binance: binance {"code":-2008,"msg":"Invalid Api-Key ID."}
2026-01-29 20:12:35,154 - root - INFO - Scanning binance for new transactions...
2026-01-29 20:12:35,398 - root - ERROR - Error fetching transactions from binance: binance {"code":-2008,"msg":"Invalid Api-Key ID."}
2026-01-29 20:12:40,403 - root - INFO - Scanning binance for new transactions...
2026-01-29 20:12:40,647 - root - ERROR - Error fetching transactions from binance: binance {"code":-2008,"msg":"Invalid Api-Key ID."}
2026-01-29 20:12:45,652 - root - INFO - Scanning binance for new transactions...
2026-01-29 20:12:45,901 - root - ERROR - Error fetching transactions from binance: binance {"code":-2008,"msg":"Invalid Api-Key ID."}
2026-01-29 20:12:50,907 - root - INFO - Scanning binance for new transactions...
2026-01-29 20:12:51,151 - root - ERROR - Error fetching transactions from binance: binance {"code":-2008,"msg":"Invalid Api-Key ID."}
2026-01-29 20:12:56,156 - root - INFO - Scanning binance for new transactions...
2026-01-29 20:12:56,398 - root - ERROR - Error fetching transactions from binance: binance {"code":-2008,"msg":"Invalid Api-Key ID."}
2026-01-29 20:13:01,404 - root - INFO - Scanning binance for new transactions...
2026-01-29 20:13:01,650 - root - ERROR - Error fetching transactions from binance: binance {"code":-2008,"msg":"Invalid Api-Key ID."}
2026-01-29 20:13:06,655 - root - INFO - Scanning binance for new transactions...
2026-01-29 20:13:06,906 - root - ERROR - Error fetching transactions from binance: binance {"code":-2008,"msg":"Invalid Api-Key ID."}
2026-01-29 20:13:11,912 - root - INFO - Scanning binance for new transactions...
2026-01-29 20:13:12,161 - root - ERROR - Error fetching transactions from binance: binance {"code":-2008,"msg":"Invalid Api-Key ID."}
2026-01-29 20:13:17,167 - root - INFO - Scanning binance for new transactions...
2026-01-29 20:13:17,408 - root - ERROR - Error fetching transactions from binance: binance {"code":-2008,"msg":"Invalid Api-Key ID."}
2026-01-29 20:13:22,414 - root - INFO - Scanning binance for new transactions...
2026-01-29 20:13:22,696 - root - ERROR - Error fetching transactions from binance: binance {"code":-2008,"msg":"Invalid Api-Key ID."}
2026-01-29 20:13:27,700 - root - INFO - Scanning binance for new transactions...
2026-01-29 20:13:27,946 - root - ERROR - Error fetching transactions from binance: binance {"code":-2008,"msg":"Invalid Api-Key ID."}
2026-01-29 20:13:32,954 - root - INFO - Scanning binance for new transactions...
2026-01-29 20:13:33,196 - root - ERROR - Error fetching transactions from binance: binance {"code":-2008,"msg":"Invalid Api-Key ID."}
2026-01-29 20:13:38,201 - root - INFO - Scanning binance for new transactions...
2026-01-29 20:13:38,447 - root - ERROR - Error fetching transactions from binance: binance {"code":-2008,"msg":"Invalid Api-Key ID."}
2026-01-29 20:13:43,453 - root - INFO - Scanning binance for new transactions...
2026-01-29 20:13:43,698 - root - ERROR - Error fetching transactions from binance: binance {"code":-2008,"msg":"Invalid Api-Key ID."}
2026-01-29 20:13:48,703 - root - INFO - Scanning binance for new transactions...
2026-01-29 20:13:48,947 - root - ERROR - Error fetching transactions from binance: binance {"code":-2008,"msg":"Invalid Api-Key ID."}
2026-01-29 20:13:53,952 - root - INFO - Scanning binance for new transactions...
2026-01-29 20:13:54,198 - root - ERROR - Error fetching transactions from binance: binance {"code":-2008,"msg":"Invalid Api-Key ID."}
2026-01-29 20:13:59,202 - root - INFO - Scanning binance for new transactions...
2026-01-29 20:13:59,445 - root - ERROR - Error fetching transactions from binance: binance {"code":-2008,"msg":"Invalid Api-Key ID."}
2026-01-29 20:14:04,451 - root - INFO - Scanning binance for new transactions...
2026-01-29 20:14:04,691 - root - ERROR - Error fetching transactions from binance: binance {"code":-2008,"msg":"Invalid Api-Key ID."}
2026-01-29 20:14:09,696 - root - INFO - Scanning binance for new transactions...
2026-01-29 20:14:09,938 - root - ERROR - Error fetching transactions from binance: binance {"code":-2008,"msg":"Invalid Api-Key ID."}
2026-01-29 20:14:14,943 - root - INFO - Scanning binance for new transactions...
2026-01-29 20:14:15,188 - root - ERROR - Error fetching transactions from binance: binance {"code":-2008,"msg":"Invalid Api-Key ID."}
2026-01-29 20:14:20,193 - root - INFO - Scanning binance for new transactions...
2026-01-29 20:14:20,446 - root - ERROR - Error fetching transactions from binance: binance {"code":-2008,"msg":"Invalid Api-Key ID."}
2026-01-29 20:14:25,452 - root - INFO - Scanning binance for new transactions...
2026-01-29 20:14:25,696 - root - ERROR - Error fetching transactions from binance: binance {"code":-2008,"msg":"Invalid Api-Key ID."}
2026-01-29 20:14:30,701 - root - INFO - Scanning binance for new transactions...
2026-01-29 20:14:30,942 - root - ERROR - Error fetching transactions from binance: binance {"code":-2008,"msg":"Invalid Api-Key ID."}
2026-01-29 20:14:35,948 - root - INFO - Scanning binance for new transactions...
2026-01-29 20:14:36,191 - root - ERROR - Error fetching transactions from binance: binance {"code":-2008,"msg":"Invalid Api-Key ID."}
2026-01-29 20:14:41,196 - root - INFO - Scanning binance for new transactions...
2026-01-29 20:14:41,439 - root - ERROR - Error fetching transactions from binance: binance {"code":-2008,"msg":"Invalid Api-Key ID."}
2026-01-29 20:14:46,444 - root - INFO - Scanning binance for new transactions...
2026-01-29 20:14:46,689 - root - ERROR - Error fetching transactions from binance: binance {"code":-2008,"msg":"Invalid Api-Key ID."}
2026-01-29 20:14:51,694 - root - INFO - Scanning binance for new transactions...
2026-01-29 20:14:51,938 - root - ERROR - Error fetching transactions from binance: binance {"code":-2008,"msg":"Invalid Api-Key ID."}
2026-01-29 20:14:56,944 - root - INFO - Scanning binance for new transactions...
2026-01-29 20:14:57,187 - root - ERROR - Error fetching transactions from binance: binance {"code":-2008,"msg":"Invalid Api-Key ID."}
2026-01-29 20:15:02,192 - root - INFO - Scanning binance for new transactions...
2026-01-29 20:15:02,444 - root - ERROR - Error fetching transactions from binance: binance {"code":-2008,"msg":"Invalid Api-Key ID."}
2026-01-29 20:15:07,450 - root - INFO - Scanning binance for new transactions...
2026-01-29 20:15:07,698 - root - ERROR - Error fetching transactions from binance: binance {"code":-2008,"msg":"Invalid Api-Key ID."}
2026-01-29 20:15:12,703 - root - INFO - Scanning binance for new transactions...
2026-01-29 20:15:12,947 - root - ERROR - Error fetching transactions from binance: binance {"code":-2008,"msg":"Invalid Api-Key ID."}
2026-01-29 20:15:17,955 - root - INFO - Scanning binance for new transactions...
2026-01-29 20:15:18,199 - root - ERROR - Error fetching transactions from binance: binance {"code":-2008,"msg":"Invalid Api-Key ID."}
2026-01-29 20:15:23,205 - root - INFO - Scanning binance for new transactions...
2026-01-29 20:15:23,452 - root - ERROR - Error fetching transactions from binance: binance {"code":-2008,"msg":"Invalid Api-Key ID."}
2026-01-29 20:15:28,457 - root - INFO - Scanning binance for new transactions...
2026-01-29 20:15:28,707 - root - ERROR - Error fetching transactions from binance: binance {"code":-2008,"msg":"Invalid Api-Key ID."}
2026-01-29 20:15:33,714 - root - INFO - Scanning binance for new transactions...
2026-01-29 20:15:33,964 - root - ERROR - Error fetching transactions from binance: binance {"code":-2008,"msg":"Invalid Api-Key ID."}
2026-01-29 20:15:38,970 - root - INFO - Scanning binance for new transactions...
2026-01-29 20:15:39,226 - root - ERROR - Error fetching transactions from binance: binance {"code":-2008,"msg":"Invalid Api-Key ID."}
2026-01-29 20:15:44,231 - root - INFO - Scanning binance for new transactions...
2026-01-29 20:15:44,475 - root - ERROR - Error fetching transactions from binance: binance {"code":-2008,"msg":"Invalid Api-Key ID."}
2026-01-29 20:15:49,480 - root - INFO - Scanning binance for new transactions...
2026-01-29 20:15:49,725 - root - ERROR - Error fetching transactions from binance: binance {"code":-2008,"msg":"Invalid Api-Key ID."}
2026-01-29 20:15:54,733 - root - INFO - Scanning binance for new transactions...
2026-01-29 20:15:54,978 - root - ERROR - Error fetching transactions from binance: binance {"code":-2008,"msg":"Invalid Api-Key ID."}
2026-01-29 20:16:00,854 - root - INFO - Scanning binance for new transactions...
2026-01-29 20:16:01,097 - root - ERROR - Error fetching transactions from binance: binance {"code":-2008,"msg":"Invalid Api-Key ID."}
2026-01-29 20:16:06,121 - root - INFO - Scanning binance for new transactions...
2026-01-29 20:16:06,797 - root - ERROR - Error fetching transactions from binance: binance {"code":-2008,"msg":"Invalid Api-Key ID."}
2026-01-29 20:16:11,815 - root - INFO - Scanning binance for new transactions...
2026-01-29 20:16:12,065 - root - ERROR - Error fetching transactions from binance: binance {"code":-2008,"msg":"Invalid Api-Key ID."}
2026-01-29 20:16:17,071 - root - INFO - Scanning binance for new transactions...
2026-01-29 20:16:17,313 - root - ERROR - Error fetching transactions from binance: binance {"code":-2008,"msg":"Invalid Api-Key ID."}
2026-01-29 20:16:22,318 - root - INFO - Scanning binance for new transactions...
2026-01-29 20:16:22,562 - root - ERROR - Error fetching transactions from binance: binance {"code":-2008,"msg":"Invalid Api-Key ID."}
2026-01-29 20:16:27,568 - root - INFO - Scanning binance for new transactions...
2026-01-29 20:16:27,808 - root - ERROR - Error fetching transactions from binance: binance {"code":-2008,"msg":"Invalid Api-Key ID."}
2026-01-29 20:16:32,815 - root - INFO - Scanning binance for new transactions...
2026-01-29 20:16:33,064 - root - ERROR - Error fetching transactions from binance: binance {"code":-2008,"msg":"Invalid Api-Key ID."}
2026-01-29 20:16:38,069 - root - INFO - Scanning binance for new transactions...
2026-01-29 20:16:38,309 - root - ERROR - Error fetching transactions from binance: binance {"code":-2008,"msg":"Invalid Api-Key ID."}
2026-01-29 20:16:43,316 - root - INFO - Scanning binance for new transactions...
2026-01-29 20:16:43,564 - root - ERROR - Error fetching transactions from binance: binance {"code":-2008,"msg":"Invalid Api-Key ID."}
2026-01-29 20:16:48,570 - root - INFO - Scanning binance for new transactions...
2026-01-29 20:16:48,815 - root - ERROR - Error fetching transactions from binance: binance {"code":-2008,"msg":"Invalid Api-Key ID."}
2026-01-29 20:16:53,824 - root - INFO - Scanning binance for new transactions...
2026-01-29 20:16:54,308 - root - ERROR - Error fetching transactions from binance: binance {"code":-2008,"msg":"Invalid Api-Key ID."}
2026-01-29 20:16:59,314 - root - INFO - Scanning binance for new transactions...
2026-01-29 20:16:59,561 - root - ERROR - Error fetching transactions from binance: binance {"code":-2008,"msg":"Invalid Api-Key ID."}
2026-01-29 20:17:05,064 - root - INFO - Scanning binance for new transactions...
2026-01-29 20:17:05,303 - root - ERROR - Error fetching transactions from binance: binance {"code":-2008,"msg":"Invalid Api-Key ID."}
2026-01-29 20:17:10,308 - root - INFO - Scanning binance for new transactions...
2026-01-29 20:17:10,551 - root - ERROR - Error fetching transactions from binance: binance {"code":-2008,"msg":"Invalid Api-Key ID."}
2026-01-29 20:17:15,557 - root - INFO - Scanning binance for new transactions...
2026-01-29 20:17:15,802 - root - ERROR - Error fetching transactions from binance: binance {"code":-2008,"msg":"Invalid Api-Key ID."}
2026-01-29 20:17:20,809 - root - INFO - Scanning binance for new transactions...
2026-01-29 20:17:21,057 - root - ERROR - Error fetching transactions from binance: binance {"code":-2008,"msg":"Invalid Api-Key ID."}
2026-01-29 20:17:26,063 - root - INFO - Scanning binance for new transactions...
2026-01-29 20:17:26,306 - root - ERROR - Error fetching transactions from binance: binance {"code":-2008,"msg":"Invalid Api-Key ID."}
2026-01-29 20:17:31,311 - root - INFO - Scanning binance for new transactions...
2026-01-29 20:17:31,554 - root - ERROR - Error fetching transactions from binance: binance {"code":-2008,"msg":"Invalid Api-Key ID."}
2026-01-29 20:17:36,562 - root - INFO - Scanning binance for new transactions...
2026-01-29 20:17:36,812 - root - ERROR - Error fetching transactions from binance: binance {"code":-2008,"msg":"Invalid Api-Key ID."}
2026-01-29 20:17:41,818 - root - INFO - Scanning binance for new transactions...
2026-01-29 20:17:42,055 - root - ERROR - Error fetching transactions from binance: binance {"code":-2008,"msg":"Invalid Api-Key ID."}
2026-01-29 20:17:47,061 - root - INFO - Scanning binance for new transactions...
2026-01-29 20:17:47,304 - root - ERROR - Error fetching transactions from binance: binance {"code":-2008,"msg":"Invalid Api-Key ID."}
2026-01-29 20:17:52,310 - root - INFO - Scanning binance for new transactions...
2026-01-29 20:17:52,554 - root - ERROR - Error fetching transactions from binance: binance {"code":-2008,"msg":"Invalid Api-Key ID."}
2026-01-29 20:17:57,560 - root - INFO - Scanning binance for new transactions...
2026-01-29 20:17:57,809 - root - ERROR - Error fetching transactions from binance: binance {"code":-2008,"msg":"Invalid Api-Key ID."}
2026-01-29 20:18:02,815 - root - INFO - Scanning binance for new transactions...
2026-01-29 20:18:03,057 - root - ERROR - Error fetching transactions from binance: binance {"code":-2008,"msg":"Invalid Api-Key ID."}
2026-01-29 20:18:08,063 - root - INFO - Scanning binance for new transactions...
2026-01-29 20:18:08,310 - root - ERROR - Error fetching transactions from binance: binance {"code":-2008,"msg":"Invalid Api-Key ID."}
2026-01-29 20:18:14,916 - root - INFO - Scanning binance for new transactions...
2026-01-29 20:18:15,162 - root - ERROR - Error fetching transactions from binance: binance {"code":-2008,"msg":"Invalid Api-Key ID."}
2026-01-29 20:18:20,171 - root - INFO - Scanning binance for new transactions...
2026-01-29 20:18:20,413 - root - ERROR - Error fetching transactions from binance: binance {"code":-2008,"msg":"Invalid Api-Key ID."}
2026-01-29 20:18:25,420 - root - INFO - Scanning binance for new transactions...
2026-01-29 20:18:25,665 - root - ERROR - Error fetching transactions from binance: binance {"code":-2008,"msg":"Invalid Api-Key ID."}
2026-01-29 20:18:30,672 - root - INFO - Scanning binance for new transactions...
2026-01-29 20:18:30,914 - root - ERROR - Error fetching transactions from binance: binance {"code":-2008,"msg":"Invalid Api-Key ID."}
2026-01-29 20:18:35,922 - root - INFO - Scanning binance for new transactions...
2026-01-29 20:18:36,161 - root - ERROR - Error fetching transactions from binance: binance {"code":-2008,"msg":"Invalid Api-Key ID."}
2026-01-29 20:18:41,168 - root - INFO - Scanning binance for new transactions...
2026-01-29 20:18:41,409 - root - ERROR - Error fetching transactions from binance: binance {"code":-2008,"msg":"Invalid Api-Key ID."}
2026-01-29 20:18:46,416 - root - INFO - Scanning binance for new transactions...
2026-01-29 20:18:46,655 - root - ERROR - Error fetching transactions from binance: binance {"code":-2008,"msg":"Invalid Api-Key ID."}
2026-01-29 20:18:51,662 - root - INFO - Scanning binance for new transactions...
2026-01-29 20:18:51,920 - root - ERROR - Error fetching transactions from binance: binance {"code":-2008,"msg":"Invalid Api-Key ID."}
2026-01-29 20:18:56,926 - root - INFO - Scanning binance for new transactions...
2026-01-29 20:18:57,166 - root - ERROR - Error fetching transactions from binance: binance {"code":-2008,"msg":"Invalid Api-Key ID."}
2026-01-29 20:19:02,171 - root - INFO - Scanning binance for new transactions...
2026-01-29 20:19:02,418 - root - ERROR - Error fetching transactions from binance: binance {"code":-2008,"msg":"Invalid Api-Key ID."}
2026-01-29 20:19:07,426 - root - INFO - Scanning binance for new transactions...
2026-01-29 20:19:07,666 - root - ERROR - Error fetching transactions from binance: binance {"code":-2008,"msg":"Invalid Api-Key ID."}
2026-01-29 20:19:12,674 - root - INFO - Scanning binance for new transactions...
2026-01-29 20:19:12,921 - root - ERROR - Error fetching transactions from binance: binance {"code":-2008,"msg":"Invalid Api-Key ID."}
2026-01-29 20:19:17,928 - root - INFO - Scanning binance for new transactions...
2026-01-29 20:19:18,171 - root - ERROR - Error fetching transactions from binance: binance {"code":-2008,"msg":"Invalid Api-Key ID."}
2026-01-29 20:19:23,178 - root - INFO - Scanning binance for new transactions...
2026-01-29 20:19:23,421 - root - ERROR - Error fetching transactions from binance: binance {"code":-2008,"msg":"Invalid Api-Key ID."}
2026-01-29 20:19:28,429 - root - INFO - Scanning binance for new transactions...
2026-01-29 20:19:29,814 - root - ERROR - Error fetching transactions from binance: binance {"code":-2008,"msg":"Invalid Api-Key ID."}
2026-01-29 20:19:34,821 - root - INFO - Scanning binance for new transactions...
2026-01-29 20:19:35,068 - root - ERROR - Error fetching transactions from binance: binance {"code":-2008,"msg":"Invalid Api-Key ID."}
2026-01-29 20:19:40,075 - root - INFO - Scanning binance for new transactions...
2026-01-29 20:19:40,320 - root - ERROR - Error fetching transactions from binance: binance {"code":-2008,"msg":"Invalid Api-Key ID."}
2026-01-29 20:19:45,327 - root - INFO - Scanning binance for new transactions...
2026-01-29 20:19:45,573 - root - ERROR - Error fetching transactions from binance: binance {"code":-2008,"msg":"Invalid Api-Key ID."}
2026-01-29 20:19:50,580 - root - INFO - Scanning binance for new transactions...
2026-01-29 20:19:50,825 - root - ERROR - Error fetching transactions from binance: binance {"code":-2008,"msg":"Invalid Api-Key ID."}
2026-01-29 20:19:55,832 - root - INFO - Scanning binance for new transactions...
2026-01-29 20:19:56,077 - root - ERROR - Error fetching transactions from binance: binance {"code":-2008,"msg":"Invalid Api-Key ID."}
2026-01-29 20:20:01,084 - root - INFO - Scanning binance for new transactions...
2026-01-29 20:20:01,329 - root - ERROR - Error fetching transactions from binance: binance {"code":-2008,"msg":"Invalid Api-Key ID."}
2026-01-29 20:20:06,938 - root - INFO - Scanning binance for new transactions...
2026-01-29 20:20:07,180 - root - ERROR - Error fetching transactions from binance: binance {"code":-2008,"msg":"Invalid Api-Key ID."}
2026-01-29 20:20:12,187 - root - INFO - Scanning binance for new transactions...
2026-01-29 20:20:12,430 - root - ERROR - Error fetching transactions from binance: binance {"code":-2008,"msg":"Invalid Api-Key ID."}
2026-01-29 20:20:17,436 - root - INFO - Scanning binance for new transactions...
2026-01-29 20:20:17,677 - root - ERROR - Error fetching transactions from binance: binance {"code":-2008,"msg":"Invalid Api-Key ID."}
2026-01-29 20:20:22,683 - root - INFO - Scanning binance for new transactions...
2026-01-29 20:20:22,935 - root - ERROR - Error fetching transactions from binance: binance {"code":-2008,"msg":"Invalid Api-Key ID."}
2026-01-29 20:20:27,941 - root - INFO - Scanning binance for new transactions...
2026-01-29 20:20:28,184 - root - ERROR - Error fetching transactions from binance: binance {"code":-2008,"msg":"Invalid Api-Key ID."}
2026-01-29 20:20:33,190 - root - INFO - Scanning binance for new transactions...
2026-01-29 20:20:33,438 - root - ERROR - Error fetching transactions from binance: binance {"code":-2008,"msg":"Invalid Api-Key ID."}
2026-01-29 20:20:38,445 - root - INFO - Scanning binance for new transactions...
2026-01-29 20:20:38,691 - root - ERROR - Error fetching transactions from binance: binance {"code":-2008,"msg":"Invalid Api-Key ID."}
2026-01-29 20:20:43,698 - root - INFO - Scanning binance for new transactions...
2026-01-29 20:20:43,943 - root - ERROR - Error fetching transactions from binance: binance {"code":-2008,"msg":"Invalid Api-Key ID."}
2026-01-29 20:20:48,950 - root - INFO - Scanning binance for new transactions...
2026-01-29 20:20:49,193 - root - ERROR - Error fetching transactions from binance: binance {"code":-2008,"msg":"Invalid Api-Key ID."}
2026-01-29 20:20:54,198 - root - INFO - Scanning binance for new transactions...
2026-01-29 20:20:54,439 - root - ERROR - Error fetching transactions from binance: binance {"code":-2008,"msg":"Invalid Api-Key ID."}
2026-01-29 20:20:59,447 - root - INFO - Scanning binance for new transactions...
2026-01-29 20:20:59,697 - root - ERROR - Error fetching transactions from binance: binance {"code":-2008,"msg":"Invalid Api-Key ID."}
2026-01-29 20:21:04,704 - root - INFO - Scanning binance for new transactions...
2026-01-29 20:21:04,952 - root - ERROR - Error fetching transactions from binance: binance {"code":-2008,"msg":"Invalid Api-Key ID."}
2026-01-29 20:21:09,958 - root - INFO - Scanning binance for new transactions...
2026-01-29 20:21:10,204 - root - ERROR - Error fetching transactions from binance: binance {"code":-2008,"msg":"Invalid Api-Key ID."}
2026-01-29 20:21:15,214 - root - INFO - Scanning binance for new transactions...
2026-01-29 20:21:15,458 - root - ERROR - Error fetching transactions from binance: binance {"code":-2008,"msg":"Invalid Api-Key ID."}
2026-01-29 20:21:20,465 - root - INFO - Scanning binance for new transactions...
2026-01-29 20:21:20,711 - root - ERROR - Error fetching transactions from binance: binance {"code":-2008,"msg":"Invalid Api-Key ID."}
2026-01-29 20:21:25,719 - root - INFO - Scanning binance for new transactions...
2026-01-29 20:21:25,966 - root - ERROR - Error fetching transactions from binance: binance {"code":-2008,"msg":"Invalid Api-Key ID."}
2026-01-29 20:21:30,973 - root - INFO - Scanning binance for new transactions...
2026-01-29 20:21:31,216 - root - ERROR - Error fetching transactions from binance: binance {"code":-2008,"msg":"Invalid Api-Key ID."}
2026-01-29 20:21:36,224 - root - INFO - Scanning binance for new transactions...
2026-01-29 20:21:36,468 - root - ERROR - Error fetching transactions from binance: binance {"code":-2008,"msg":"Invalid Api-Key ID."}
2026-01-29 20:21:41,476 - root - INFO - Scanning binance for new transactions...
2026-01-29 20:21:41,717 - root - ERROR - Error fetching transactions from binance: binance {"code":-2008,"msg":"Invalid Api-Key ID."}
2026-01-29 20:21:46,725 - root - INFO - Scanning binance for new transactions...
2026-01-29 20:21:46,966 - root - ERROR - Error fetching transactions from binance: binance {"code":-2008,"msg":"Invalid Api-Key ID."}
2026-01-29 20:21:51,973 - root - INFO - Scanning binance for new transactions...
2026-01-29 20:21:52,215 - root - ERROR - Error fetching transactions from binance: binance {"code":-2008,"msg":"Invalid Api-Key ID."}
2026-01-29 20:21:57,221 - root - INFO - Scanning binance for new transactions...
2026-01-29 20:21:57,474 - root - ERROR - Error fetching transactions from binance: binance {"code":-2008,"msg":"Invalid Api-Key ID."}
2026-01-29 20:22:02,480 - root - INFO - Scanning binance for new transactions...
2026-01-29 20:22:02,727 - root - ERROR - Error fetching transactions from binance: binance {"code":-2008,"msg":"Invalid Api-Key ID."}
2026-01-29 20:22:07,735 - root - INFO - Scanning binance for new transactions...
2026-01-29 20:22:07,982 - root - ERROR - Error fetching transactions from binance: binance {"code":-2008,"msg":"Invalid Api-Key ID."}
2026-01-29 20:22:12,989 - root - INFO - Scanning binance for new transactions...
2026-01-29 20:22:13,230 - root - ERROR - Error fetching transactions from binance: binance {"code":-2008,"msg":"Invalid Api-Key ID."}
2026-01-29 20:22:18,237 - root - INFO - Scanning binance for new transactions...
2026-01-29 20:22:18,484 - root - ERROR - Error fetching transactions from binance: binance {"code":-2008,"msg":"Invalid Api-Key ID."}
2026-01-29 20:22:23,493 - root - INFO - Scanning binance for new transactions...
2026-01-29 20:22:23,747 - root - ERROR - Error fetching transactions from binance: binance {"code":-2008,"msg":"Invalid Api-Key ID."}
2026-01-29 20:22:28,754 - root - INFO - Scanning binance for new transactions...
2026-01-29 20:22:29,006 - root - ERROR - Error fetching transactions from binance: binance {"code":-2008,"msg":"Invalid Api-Key ID."}
2026-01-29 20:22:34,013 - root - INFO - Scanning binance for new transactions...
2026-01-29 20:22:34,254 - root - ERROR - Error fetching transactions from binance: binance {"code":-2008,"msg":"Invalid Api-Key ID."}
2026-01-29 20:22:39,265 - root - INFO - Scanning binance for new transactions...
2026-01-29 20:22:39,510 - root - ERROR - Error fetching transactions from binance: binance {"code":-2008,"msg":"Invalid Api-Key ID."}
2026-01-29 20:22:44,523 - root - INFO - Scanning binance for new transactions...
2026-01-29 20:22:44,768 - root - ERROR - Error fetching transactions from binance: binance {"code":-2008,"msg":"Invalid Api-Key ID."}
2026-01-29 20:22:49,778 - root - INFO - Scanning binance for new transactions...
2026-01-29 20:22:50,014 - root - ERROR - Error fetching transactions from binance: binance {"code":-2008,"msg":"Invalid Api-Key ID."}
2026-01-29 20:22:55,021 - root - INFO - Scanning binance for new transactions...
2026-01-29 20:22:55,270 - root - ERROR - Error fetching transactions from binance: binance {"code":-2008,"msg":"Invalid Api-Key ID."}
2026-01-29 20:23:00,277 - root - INFO - Scanning binance for new transactions...
2026-01-29 20:23:00,523 - root - ERROR - Error fetching transactions from binance: binance {"code":-2008,"msg":"Invalid Api-Key ID."}
2026-01-29 20:23:05,530 - root - INFO - Scanning binance for new transactions...
2026-01-29 20:23:05,776 - root - ERROR - Error fetching transactions from binance: binance {"code":-2008,"msg":"Invalid Api-Key ID."}
2026-01-29 20:23:10,785 - root - INFO - Scanning binance for new transactions...
2026-01-29 20:23:11,028 - root - ERROR - Error fetching transactions from binance: binance {"code":-2008,"msg":"Invalid Api-Key ID."}
2026-01-29 20:23:16,035 - root - INFO - Scanning binance for new transactions...
2026-01-29 20:23:16,277 - root - ERROR - Error fetching transactions from binance: binance {"code":-2008,"msg":"Invalid Api-Key ID."}
2026-01-29 20:23:21,285 - root - INFO - Scanning binance for new transactions...
2026-01-29 20:23:21,529 - root - ERROR - Error fetching transactions from binance: binance {"code":-2008,"msg":"Invalid Api-Key ID."}
2026-01-29 20:23:26,537 - root - INFO - Scanning binance for new transactions...
2026-01-29 20:23:26,784 - root - ERROR - Error fetching transactions from binance: binance {"code":-2008,"msg":"Invalid Api-Key ID."}
2026-01-29 20:23:31,791 - root - INFO - Scanning binance for new transactions...
2026-01-29 20:23:32,036 - root - ERROR - Error fetching transactions from binance: binance {"code":-2008,"msg":"Invalid Api-Key ID."}
2026-01-29 20:23:37,048 - root - INFO - Scanning binance for new transactions...
2026-01-29 20:23:37,296 - root - ERROR - Error fetching transactions from binance: binance {"code":-2008,"msg":"Invalid Api-Key ID."}
2026-01-29 20:23:42,304 - root - INFO - Scanning binance for new transactions...
2026-01-29 20:23:42,550 - root - ERROR - Error fetching transactions from binance: binance {"code":-2008,"msg":"Invalid Api-Key ID."}
2026-01-29 20:23:47,558 - root - INFO - Scanning binance for new transactions...
2026-01-29 20:23:47,801 - root - ERROR - Error fetching transactions from binance: binance {"code":-2008,"msg":"Invalid Api-Key ID."}
2026-01-29 20:23:52,808 - root - INFO - Scanning binance for new transactions...
2026-01-29 20:23:53,048 - root - ERROR - Error fetching transactions from binance: binance {"code":-2008,"msg":"Invalid Api-Key ID."}
2026-01-29 20:23:58,055 - root - INFO - Scanning binance for new transactions...
2026-01-29 20:23:58,303 - root - ERROR - Error fetching transactions from binance: binance {"code":-2008,"msg":"Invalid Api-Key ID."}
2026-01-29 20:24:03,313 - root - INFO - Scanning binance for new transactions...
2026-01-29 20:24:03,558 - root - ERROR - Error fetching transactions from binance: binance {"code":-2008,"msg":"Invalid Api-Key ID."}
2026-01-29 20:24:08,565 - root - INFO - Scanning binance for new transactions...
2026-01-29 20:24:08,810 - root - ERROR - Error fetching transactions from binance: binance {"code":-2008,"msg":"Invalid Api-Key ID."}
2026-01-29 20:24:13,816 - root - INFO - Scanning binance for new transactions...
2026-01-29 20:24:14,064 - root - ERROR - Error fetching transactions from binance: binance {"code":-2008,"msg":"Invalid Api-Key ID."}
2026-01-29 20:24:19,071 - root - INFO - Scanning binance for new transactions...
2026-01-29 20:24:19,318 - root - ERROR - Error fetching transactions from binance: binance {"code":-2008,"msg":"Invalid Api-Key ID."}
2026-01-29 20:24:24,326 - root - INFO - Scanning binance for new transactions...
2026-01-29 20:24:24,573 - root - ERROR - Error fetching transactions from binance: binance {"code":-2008,"msg":"Invalid Api-Key ID."}
2026-01-29 20:24:29,580 - root - INFO - Scanning binance for new transactions...
2026-01-29 20:24:29,825 - root - ERROR - Error fetching transactions from binance: binance {"code":-2008,"msg":"Invalid Api-Key ID."}
2026-01-29 20:24:34,832 - root - INFO - Scanning binance for new transactions...
2026-01-29 20:24:35,075 - root - ERROR - Error fetching transactions from binance: binance {"code":-2008,"msg":"Invalid Api-Key ID."}
2026-01-29 20:24:40,082 - root - INFO - Scanning binance for new transactions...
2026-01-29 20:24:40,327 - root - ERROR - Error fetching transactions from binance: binance {"code":-2008,"msg":"Invalid Api-Key ID."}
2026-01-29 20:24:45,334 - root - INFO - Scanning binance for new transactions...
2026-01-29 20:24:45,576 - root - ERROR - Error fetching transactions from binance: binance {"code":-2008,"msg":"Invalid Api-Key ID."}
2026-01-29 20:24:50,584 - root - INFO - Scanning binance for new transactions...
2026-01-29 20:24:50,828 - root - ERROR - Error fetching transactions from binance: binance {"code":-2008,"msg":"Invalid Api-Key ID."}
2026-01-29 20:24:55,834 - root - INFO - Scanning binance for new transactions...
2026-01-29 20:24:56,112 - root - ERROR - Error fetching transactions from binance: binance {"code":-2008,"msg":"Invalid Api-Key ID."}
2026-01-29 20:25:01,121 - root - INFO - Scanning binance for new transactions...
2026-01-29 20:25:01,367 - root - ERROR - Error fetching transactions from binance: binance {"code":-2008,"msg":"Invalid Api-Key ID."}
2026-01-29 20:25:06,375 - root - INFO - Scanning binance for new transactions...
2026-01-29 20:25:06,621 - root - ERROR - Error fetching transactions from binance: binance {"code":-2008,"msg":"Invalid Api-Key ID."}
2026-01-29 20:25:11,628 - root - INFO - Scanning binance for new transactions...
2026-01-29 20:25:11,875 - root - ERROR - Error fetching transactions from binance: binance {"code":-2008,"msg":"Invalid Api-Key ID."}
2026-01-29 20:25:16,883 - root - INFO - Scanning binance for new transactions...
2026-01-29 20:25:17,133 - root - ERROR - Error fetching transactions from binance: binance {"code":-2008,"msg":"Invalid Api-Key ID."}
2026-01-29 20:25:22,143 - root - INFO - Scanning binance for new transactions...
2026-01-29 20:25:22,390 - root - ERROR - Error fetching transactions from binance: binance {"code":-2008,"msg":"Invalid Api-Key ID."}
2026-01-29 20:25:27,398 - root - INFO - Scanning binance for new transactions...
2026-01-29 20:25:27,645 - root - ERROR - Error fetching transactions from binance: binance {"code":-2008,"msg":"Invalid Api-Key ID."}
2026-01-29 20:25:32,652 - root - INFO - Scanning binance for new transactions...
2026-01-29 20:25:32,902 - root - ERROR - Error fetching transactions from binance: binance {"code":-2008,"msg":"Invalid Api-Key ID."}
2026-01-29 20:25:37,913 - root - INFO - Scanning binance for new transactions...
2026-01-29 20:25:38,158 - root - ERROR - Error fetching transactions from binance: binance {"code":-2008,"msg":"Invalid Api-Key ID."}
2026-01-29 20:25:43,165 - root - INFO - Scanning binance for new transactions...
2026-01-29 20:25:43,407 - root - ERROR - Error fetching transactions from binance: binance {"code":-2008,"msg":"Invalid Api-Key ID."}
2026-01-29 20:25:48,417 - root - INFO - Scanning binance for new transactions...
2026-01-29 20:25:48,657 - root - ERROR - Error fetching transactions from binance: binance {"code":-2008,"msg":"Invalid Api-Key ID."}
2026-01-29 20:25:53,665 - root - INFO - Scanning binance for new transactions...
2026-01-29 20:25:53,952 - root - ERROR - Error fetching transactions from binance: binance {"code":-2008,"msg":"Invalid Api-Key ID."}
2026-01-29 20:25:58,962 - root - INFO - Scanning binance for new transactions...
2026-01-29 20:25:59,206 - root - ERROR - Error fetching transactions from binance: binance {"code":-2008,"msg":"Invalid Api-Key ID."}
2026-01-29 20:26:04,216 - root - INFO - Scanning binance for new transactions...
2026-01-29 20:26:04,465 - root - ERROR - Error fetching transactions from binance: binance {"code":-2008,"msg":"Invalid Api-Key ID."}
2026-01-29 20:26:09,474 - root - INFO - Scanning binance for new transactions...
2026-01-29 20:26:09,724 - root - ERROR - Error fetching transactions from binance: binance {"code":-2008,"msg":"Invalid Api-Key ID."}
2026-01-29 20:26:14,731 - root - INFO - Scanning binance for new transactions...
2026-01-29 20:26:14,975 - root - ERROR - Error fetching transactions from binance: binance {"code":-2008,"msg":"Invalid Api-Key ID."}
2026-01-29 20:26:19,983 - root - INFO - Scanning binance for new transactions...
2026-01-29 20:26:20,228 - root - ERROR - Error fetching transactions from binance: binance {"code":-2008,"msg":"Invalid Api-Key ID."}
2026-01-29 20:26:25,239 - root - INFO - Scanning binance for new transactions...
2026-01-29 20:26:25,483 - root - ERROR - Error fetching transactions from binance: binance {"code":-2008,"msg":"Invalid Api-Key ID."}
2026-01-29 20:26:30,493 - root - INFO - Scanning binance for new transactions...
2026-01-29 20:26:30,741 - root - ERROR - Error fetching transactions from binance: binance {"code":-2008,"msg":"Invalid Api-Key ID."}
2026-01-29 20:26:35,749 - root - INFO - Scanning binance for new transactions...
2026-01-29 20:26:35,994 - root - ERROR - Error fetching transactions from binance: binance {"code":-2008,"msg":"Invalid Api-Key ID."}
2026-01-29 20:26:41,005 - root - INFO - Scanning binance for new transactions...
2026-01-29 20:26:41,252 - root - ERROR - Error fetching transactions from binance: binance {"code":-2008,"msg":"Invalid Api-Key ID."}
2026-01-29 20:26:46,261 - root - INFO - Scanning binance for new transactions...
2026-01-29 20:26:46,515 - root - ERROR - Error fetching transactions from binance: binance {"code":-2008,"msg":"Invalid Api-Key ID."}
2026-01-29 20:26:51,522 - root - INFO - Scanning binance for new transactions...
2026-01-29 20:26:51,767 - root - ERROR - Error fetching transactions from binance: binance {"code":-2008,"msg":"Invalid Api-Key ID."}
2026-01-29 20:26:56,773 - root - INFO - Scanning binance for new transactions...
2026-01-29 20:26:57,014 - root - ERROR - Error fetching transactions from binance: binance {"code":-2008,"msg":"Invalid Api-Key ID."}
2026-01-29 20:27:02,023 - root - INFO - Scanning binance for new transactions...
2026-01-29 20:27:02,271 - root - ERROR - Error fetching transactions from binance: binance {"code":-2008,"msg":"Invalid Api-Key ID."}
2026-01-29 20:27:07,279 - root - INFO - Scanning binance for new transactions...
2026-01-29 20:27:07,524 - root - ERROR - Error fetching transactions from binance: binance {"code":-2008,"msg":"Invalid Api-Key ID."}
2026-01-29 20:27:12,532 - root - INFO - Scanning binance for new transactions...
2026-01-29 20:27:12,780 - root - ERROR - Error fetching transactions from binance: binance {"code":-2008,"msg":"Invalid Api-Key ID."}
2026-01-29 20:27:17,788 - root - INFO - Scanning binance for new transactions...
2026-01-29 20:27:18,440 - root - ERROR - Error fetching transactions from binance: binance {"code":-2008,"msg":"Invalid Api-Key ID."}
2026-01-29 20:27:23,449 - root - INFO - Scanning binance for new transactions...
2026-01-29 20:27:23,699 - root - ERROR - Error fetching transactions from binance: binance {"code":-2008,"msg":"Invalid Api-Key ID."}
2026-01-29 20:27:28,707 - root - INFO - Scanning binance for new transactions...
2026-01-29 20:27:28,945 - root - ERROR - Error fetching transactions from binance: binance {"code":-2008,"msg":"Invalid Api-Key ID."}
2026-01-29 20:27:33,953 - root - INFO - Scanning binance for new transactions...
2026-01-29 20:27:34,198 - root - ERROR - Error fetching transactions from binance: binance {"code":-2008,"msg":"Invalid Api-Key ID."}
2026-01-29 20:27:39,207 - root - INFO - Scanning binance for new transactions...
2026-01-29 20:27:39,452 - root - ERROR - Error fetching transactions from binance: binance {"code":-2008,"msg":"Invalid Api-Key ID."}
2026-01-29 20:27:44,462 - root - INFO - Scanning binance for new transactions...
2026-01-29 20:27:44,702 - root - ERROR - Error fetching transactions from binance: binance {"code":-2008,"msg":"Invalid Api-Key ID."}
2026-01-29 20:27:49,710 - root - INFO - Scanning binance for new transactions...
2026-01-29 20:27:49,954 - root - ERROR - Error fetching transactions from binance: binance {"code":-2008,"msg":"Invalid Api-Key ID."}
2026-01-29 20:27:54,961 - root - INFO - Scanning binance for new transactions...
2026-01-29 20:27:55,203 - root - ERROR - Error fetching transactions from binance: binance {"code":-2008,"msg":"Invalid Api-Key ID."}
2026-01-29 20:28:00,212 - root - INFO - Scanning binance for new transactions...
2026-01-29 20:28:00,456 - root - ERROR - Error fetching transactions from binance: binance {"code":-2008,"msg":"Invalid Api-Key ID."}
2026-01-29 20:28:05,465 - root - INFO - Scanning binance for new transactions...
2026-01-29 20:28:05,703 - root - ERROR - Error fetching transactions from binance: binance {"code":-2008,"msg":"Invalid Api-Key ID."}
2026-01-29 20:28:10,710 - root - INFO - Scanning binance for new transactions...
2026-01-29 20:28:10,958 - root - ERROR - Error fetching transactions from binance: binance {"code":-2008,"msg":"Invalid Api-Key ID."}
2026-01-29 20:28:15,966 - root - INFO - Scanning binance for new transactions...
2026-01-29 20:28:16,214 - root - ERROR - Error fetching transactions from binance: binance {"code":-2008,"msg":"Invalid Api-Key ID."}
2026-01-29 20:28:21,222 - root - INFO - Scanning binance for new transactions...
2026-01-29 20:28:21,469 - root - ERROR - Error fetching transactions from binance: binance {"code":-2008,"msg":"Invalid Api-Key ID."}
2026-01-29 20:28:26,477 - root - INFO - Scanning binance for new transactions...
2026-01-29 20:28:26,721 - root - ERROR - Error fetching transactions from binance: binance {"code":-2008,"msg":"Invalid Api-Key ID."}
2026-01-29 20:28:31,730 - root - INFO - Scanning binance for new transactions...
2026-01-29 20:28:32,387 - root - ERROR - Error fetching transactions from binance: binance {"code":-2008,"msg":"Invalid Api-Key ID."}
2026-01-29 20:28:37,396 - root - INFO - Scanning binance for new transactions...
2026-01-29 20:28:37,641 - root - ERROR - Error fetching transactions from binance: binance {"code":-2008,"msg":"Invalid Api-Key ID."}
2026-01-29 20:28:42,650 - root - INFO - Scanning binance for new transactions...
2026-01-29 20:28:42,896 - root - ERROR - Error fetching transactions from binance: binance {"code":-2008,"msg":"Invalid Api-Key ID."}
2026-01-29 20:28:47,904 - root - INFO - Scanning binance for new transactions...
2026-01-29 20:28:48,152 - root - ERROR - Error fetching transactions from binance: binance {"code":-2008,"msg":"Invalid Api-Key ID."}
2026-01-29 20:28:53,159 - root - INFO - Scanning binance for new transactions...
2026-01-29 20:28:53,410 - root - ERROR - Error fetching transactions from binance: binance {"code":-2008,"msg":"Invalid Api-Key ID."}
2026-01-29 20:28:58,420 - root - INFO - Scanning binance for new transactions...
2026-01-29 20:28:58,667 - root - ERROR - Error fetching transactions from binance: binance {"code":-2008,"msg":"Invalid Api-Key ID."}
2026-01-29 20:29:03,675 - root - INFO - Scanning binance for new transactions...
2026-01-29 20:29:03,921 - root - ERROR - Error fetching transactions from binance: binance {"code":-2008,"msg":"Invalid Api-Key ID."}
2026-01-29 20:29:08,929 - root - INFO - Scanning binance for new transactions...
2026-01-29 20:29:09,175 - root - ERROR - Error fetching transactions from binance: binance {"code":-2008,"msg":"Invalid Api-Key ID."}
2026-01-29 20:29:14,184 - root - INFO - Scanning binance for new transactions...
2026-01-29 20:29:14,430 - root - ERROR - Error fetching transactions from binance: binance {"code":-2008,"msg":"Invalid Api-Key ID."}
2026-01-29 20:29:19,440 - root - INFO - Scanning binance for new transactions...
2026-01-29 20:29:19,684 - root - ERROR - Error fetching transactions from binance: binance {"code":-2008,"msg":"Invalid Api-Key ID."}
2026-01-29 20:29:24,692 - root - INFO - Scanning binance for new transactions...
2026-01-29 20:29:24,934 - root - ERROR - Error fetching transactions from binance: binance {"code":-2008,"msg":"Invalid Api-Key ID."}
2026-01-29 20:29:29,946 - root - INFO - Scanning binance for new transactions...
2026-01-29 20:29:30,193 - root - ERROR - Error fetching transactions from binance: binance {"code":-2008,"msg":"Invalid Api-Key ID."}
2026-01-29 20:29:35,201 - root - INFO - Scanning binance for new transactions...
2026-01-29 20:29:35,446 - root - ERROR - Error fetching transactions from binance: binance {"code":-2008,"msg":"Invalid Api-Key ID."}
2026-01-29 20:29:40,455 - root - INFO - Scanning binance for new transactions...
2026-01-29 20:29:40,697 - root - ERROR - Error fetching transactions from binance: binance {"code":-2008,"msg":"Invalid Api-Key ID."}
2026-01-29 20:29:45,706 - root - INFO - Scanning binance for new transactions...
2026-01-29 20:29:45,952 - root - ERROR - Error fetching transactions from binance: binance {"code":-2008,"msg":"Invalid Api-Key ID."}
2026-01-29 20:29:50,960 - root - INFO - Scanning binance for new transactions...
2026-01-29 20:29:51,203 - root - ERROR - Error fetching transactions from binance: binance {"code":-2008,"msg":"Invalid Api-Key ID."}
2026-01-29 20:29:56,211 - root - INFO - Scanning binance for new transactions...
2026-01-29 20:29:56,456 - root - ERROR - Error fetching transactions from binance: binance {"code":-2008,"msg":"Invalid Api-Key ID."}
2026-01-29 20:30:01,464 - root - INFO - Scanning binance for new transactions...
2026-01-29 20:30:02,114 - root - ERROR - Error fetching transactions from binance: binance {"code":-2008,"msg":"Invalid Api-Key ID."}
2026-01-29 20:30:07,121 - root - INFO - Scanning binance for new transactions...
2026-01-29 20:30:07,365 - root - ERROR - Error fetching transactions from binance: binance {"code":-2008,"msg":"Invalid Api-Key ID."}
2026-01-29 20:30:12,376 - root - INFO - Scanning binance for new transactions...
2026-01-29 20:30:12,624 - root - ERROR - Error fetching transactions from binance: binance {"code":-2008,"msg":"Invalid Api-Key ID."}
2026-01-29 20:30:17,632 - root - INFO - Scanning binance for new transactions...
2026-01-29 20:30:17,876 - root - ERROR - Error fetching transactions from binance: binance {"code":-2008,"msg":"Invalid Api-Key ID."}
2026-01-29 20:30:22,884 - root - INFO - Scanning binance for new transactions...
2026-01-29 20:30:23,129 - root - ERROR - Error fetching transactions from binance: binance {"code":-2008,"msg":"Invalid Api-Key ID."}
2026-01-29 20:30:28,138 - root - INFO - Scanning binance for new transactions...
2026-01-29 20:30:28,381 - root - ERROR - Error fetching transactions from binance: binance {"code":-2008,"msg":"Invalid Api-Key ID."}
2026-01-29 20:30:33,391 - root - INFO - Scanning binance for new transactions...
2026-01-29 20:30:33,632 - root - ERROR - Error fetching transactions from binance: binance {"code":-2008,"msg":"Invalid Api-Key ID."}
2026-01-29 20:30:38,641 - root - INFO - Scanning binance for new transactions...
2026-01-29 20:30:39,290 - root - ERROR - Error fetching transactions from binance: binance {"code":-2008,"msg":"Invalid Api-Key ID."}
2026-01-29 20:30:44,301 - root - INFO - Scanning binance for new transactions...
2026-01-29 20:30:44,545 - root - ERROR - Error fetching transactions from binance: binance {"code":-2008,"msg":"Invalid Api-Key ID."}
2026-01-29 20:30:49,553 - root - INFO - Scanning binance for new transactions...
2026-01-29 20:30:49,801 - root - ERROR - Error fetching transactions from binance: binance {"code":-2008,"msg":"Invalid Api-Key ID."}
2026-01-29 20:30:54,810 - root - INFO - Scanning binance for new transactions...
2026-01-29 20:30:55,058 - root - ERROR - Error fetching transactions from binance: binance {"code":-2008,"msg":"Invalid Api-Key ID."}
2026-01-29 20:31:00,066 - root - INFO - Scanning binance for new transactions...
2026-01-29 20:31:00,317 - root - ERROR - Error fetching transactions from binance: binance {"code":-2008,"msg":"Invalid Api-Key ID."}
2026-01-29 20:31:05,326 - root - INFO - Scanning binance for new transactions...
2026-01-29 20:31:05,579 - root - ERROR - Error fetching transactions from binance: binance {"code":-2008,"msg":"Invalid Api-Key ID."}
2026-01-29 20:31:10,588 - root - INFO - Scanning binance for new transactions...
2026-01-29 20:31:10,831 - root - ERROR - Error fetching transactions from binance: binance {"code":-2008,"msg":"Invalid Api-Key ID."}
2026-01-29 20:31:15,840 - root - INFO - Scanning binance for new transactions...
2026-01-29 20:31:16,083 - root - ERROR - Error fetching transactions from binance: binance {"code":-2008,"msg":"Invalid Api-Key ID."}
2026-01-29 20:31:21,091 - root - INFO - Scanning binance for new transactions...
2026-01-29 20:31:21,334 - root - ERROR - Error fetching transactions from binance: binance {"code":-2008,"msg":"Invalid Api-Key ID."}
2026-01-29 20:31:26,343 - root - INFO - Scanning binance for new transactions...
2026-01-29 20:31:26,588 - root - ERROR - Error fetching transactions from binance: binance {"code":-2008,"msg":"Invalid Api-Key ID."}
2026-01-29 20:31:31,596 - root - INFO - Scanning binance for new transactions...
2026-01-29 20:31:31,840 - root - ERROR - Error fetching transactions from binance: binance {"code":-2008,"msg":"Invalid Api-Key ID."}
2026-01-29 20:31:36,848 - root - INFO - Scanning binance for new transactions...
2026-01-29 20:31:37,097 - root - ERROR - Error fetching transactions from binance: binance {"code":-2008,"msg":"Invalid Api-Key ID."}
2026-01-29 20:31:42,108 - root - INFO - Scanning binance for new transactions...
2026-01-29 20:31:42,350 - root - ERROR - Error fetching transactions from binance: binance {"code":-2008,"msg":"Invalid Api-Key ID."}
2026-01-29 20:31:47,360 - root - INFO - Scanning binance for new transactions...
2026-01-29 20:31:47,608 - root - ERROR - Error fetching transactions from binance: binance {"code":-2008,"msg":"Invalid Api-Key ID."}
2026-01-29 20:31:52,615 - root - INFO - Scanning binance for new transactions...
2026-01-29 20:31:52,865 - root - ERROR - Error fetching transactions from binance: binance {"code":-2008,"msg":"Invalid Api-Key ID."}
2026-01-29 20:31:57,877 - root - INFO - Scanning binance for new transactions...
2026-01-29 20:31:58,122 - root - ERROR - Error fetching transactions from binance: binance {"code":-2008,"msg":"Invalid Api-Key ID."}
2026-01-29 20:32:03,131 - root - INFO - Scanning binance for new transactions...
2026-01-29 20:32:03,379 - root - ERROR - Error fetching transactions from binance: binance {"code":-2008,"msg":"Invalid Api-Key ID."}
2026-01-29 20:32:08,390 - root - INFO - Scanning binance for new transactions...
2026-01-29 20:32:08,631 - root - ERROR - Error fetching transactions from binance: binance {"code":-2008,"msg":"Invalid Api-Key ID."}
2026-01-29 20:32:13,640 - root - INFO - Scanning binance for new transactions...
2026-01-29 20:32:13,881 - root - ERROR - Error fetching transactions from binance: binance {"code":-2008,"msg":"Invalid Api-Key ID."}
2026-01-29 20:32:18,891 - root - INFO - Scanning binance for new transactions...
2026-01-29 20:32:19,132 - root - ERROR - Error fetching transactions from binance: binance {"code":-2008,"msg":"Invalid Api-Key ID."}
2026-01-29 20:32:24,140 - root - INFO - Scanning binance for new transactions...
2026-01-29 20:32:24,384 - root - ERROR - Error fetching transactions from binance: binance {"code":-2008,"msg":"Invalid Api-Key ID."}
2026-01-29 20:32:29,394 - root - INFO - Scanning binance for new transactions...
2026-01-29 20:32:29,642 - root - ERROR - Error fetching transactions from binance: binance {"code":-2008,"msg":"Invalid Api-Key ID."}
2026-01-29 20:32:34,652 - root - INFO - Scanning binance for new transactions...
2026-01-29 20:32:34,899 - root - ERROR - Error fetching transactions from binance: binance {"code":-2008,"msg":"Invalid Api-Key ID."}
2026-01-29 20:32:39,908 - root - INFO - Scanning binance for new transactions...
2026-01-29 20:32:40,156 - root - ERROR - Error fetching transactions from binance: binance {"code":-2008,"msg":"Invalid Api-Key ID."}
2026-01-29 20:32:45,165 - root - INFO - Scanning binance for new transactions...
2026-01-29 20:32:45,404 - root - ERROR - Error fetching transactions from binance: binance {"code":-2008,"msg":"Invalid Api-Key ID."}
2026-01-29 20:32:50,412 - root - INFO - Scanning binance for new transactions...
2026-01-29 20:32:51,065 - root - ERROR - Error fetching transactions from binance: binance {"code":-2008,"msg":"Invalid Api-Key ID."}
2026-01-29 20:32:56,074 - root - INFO - Scanning binance for new transactions...
2026-01-29 20:32:56,318 - root - ERROR - Error fetching transactions from binance: binance {"code":-2008,"msg":"Invalid Api-Key ID."}
2026-01-29 20:33:01,330 - root - INFO - Scanning binance for new transactions...
2026-01-29 20:33:01,577 - root - ERROR - Error fetching transactions from binance: binance {"code":-2008,"msg":"Invalid Api-Key ID."}
2026-01-29 20:33:06,586 - root - INFO - Scanning binance for new transactions...
2026-01-29 20:33:06,832 - root - ERROR - Error fetching transactions from binance: binance {"code":-2008,"msg":"Invalid Api-Key ID."}
2026-01-29 20:33:11,840 - root - INFO - Scanning binance for new transactions...
2026-01-29 20:33:12,086 - root - ERROR - Error fetching transactions from binance: binance {"code":-2008,"msg":"Invalid Api-Key ID."}
2026-01-29 20:33:17,095 - root - INFO - Scanning binance for new transactions...
2026-01-29 20:33:17,341 - root - ERROR - Error fetching transactions from binance: binance {"code":-2008,"msg":"Invalid Api-Key ID."}
2026-01-29 20:33:22,350 - root - INFO - Scanning binance for new transactions...
2026-01-29 20:33:22,591 - root - ERROR - Error fetching transactions from binance: binance {"code":-2008,"msg":"Invalid Api-Key ID."}
2026-01-29 20:33:27,601 - root - INFO - Scanning binance for new transactions...
2026-01-29 20:33:27,844 - root - ERROR - Error fetching transactions from binance: binance {"code":-2008,"msg":"Invalid Api-Key ID."}
2026-01-29 20:33:32,853 - root - INFO - Scanning binance for new transactions...
2026-01-29 20:33:33,095 - root - ERROR - Error fetching transactions from binance: binance {"code":-2008,"msg":"Invalid Api-Key ID."}
2026-01-29 20:33:38,106 - root - INFO - Scanning binance for new transactions...
2026-01-29 20:33:38,343 - root - ERROR - Error fetching transactions from binance: binance {"code":-2008,"msg":"Invalid Api-Key ID."}
2026-01-29 20:33:43,352 - root - INFO - Scanning binance for new transactions...
2026-01-29 20:33:43,593 - root - ERROR - Error fetching transactions from binance: binance {"code":-2008,"msg":"Invalid Api-Key ID."}
2026-01-29 20:33:48,602 - root - INFO - Scanning binance for new transactions...
2026-01-29 20:33:48,849 - root - ERROR - Error fetching transactions from binance: binance {"code":-2008,"msg":"Invalid Api-Key ID."}
2026-01-29 20:33:53,861 - root - INFO - Scanning binance for new transactions...
2026-01-29 20:33:54,107 - root - ERROR - Error fetching transactions from binance: binance {"code":-2008,"msg":"Invalid Api-Key ID."}
2026-01-29 20:33:59,116 - root - INFO - Scanning binance for new transactions...
2026-01-29 20:33:59,362 - root - ERROR - Error fetching transactions from binance: binance {"code":-2008,"msg":"Invalid Api-Key ID."}
2026-01-29 20:34:04,375 - root - INFO - Scanning binance for new transactions...
2026-01-29 20:34:04,617 - root - ERROR - Error fetching transactions from binance: binance {"code":-2008,"msg":"Invalid Api-Key ID."}
2026-01-29 20:34:09,627 - root - INFO - Scanning binance for new transactions...
2026-01-29 20:34:09,876 - root - ERROR - Error fetching transactions from binance: binance {"code":-2008,"msg":"Invalid Api-Key ID."}
2026-01-29 20:34:14,886 - root - INFO - Scanning binance for new transactions...
2026-01-29 20:34:15,129 - root - ERROR - Error fetching transactions from binance: binance {"code":-2008,"msg":"Invalid Api-Key ID."}
2026-01-29 20:34:20,139 - root - INFO - Scanning binance for new transactions...
2026-01-29 20:34:20,382 - root - ERROR - Error fetching transactions from binance: binance {"code":-2008,"msg":"Invalid Api-Key ID."}
2026-01-29 20:34:25,391 - root - INFO - Scanning binance for new transactions...
2026-01-29 20:34:25,638 - root - ERROR - Error fetching transactions from binance: binance {"code":-2008,"msg":"Invalid Api-Key ID."}
2026-01-29 20:34:30,647 - root - INFO - Scanning binance for new transactions...
2026-01-29 20:34:30,899 - root - ERROR - Error fetching transactions from binance: binance {"code":-2008,"msg":"Invalid Api-Key ID."}
2026-01-29 20:34:35,986 - root - INFO - Scanning binance for new transactions...
2026-01-29 20:34:36,228 - root - ERROR - Error fetching transactions from binance: binance {"code":-2008,"msg":"Invalid Api-Key ID."}
2026-01-29 20:34:41,238 - root - INFO - Scanning binance for new transactions...
2026-01-29 20:34:41,481 - root - ERROR - Error fetching transactions from binance: binance {"code":-2008,"msg":"Invalid Api-Key ID."}
2026-01-29 20:34:46,491 - root - INFO - Scanning binance for new transactions...
2026-01-29 20:34:46,746 - root - ERROR - Error fetching transactions from binance: binance {"code":-2008,"msg":"Invalid Api-Key ID."}
2026-01-29 20:34:51,756 - root - INFO - Scanning binance for new transactions...
2026-01-29 20:34:52,003 - root - ERROR - Error fetching transactions from binance: binance {"code":-2008,"msg":"Invalid Api-Key ID."}
2026-01-29 20:34:57,013 - root - INFO - Scanning binance for new transactions...
2026-01-29 20:34:57,252 - root - ERROR - Error fetching transactions from binance: binance {"code":-2008,"msg":"Invalid Api-Key ID."}
2026-01-29 20:35:02,262 - root - INFO - Scanning binance for new transactions...
2026-01-29 20:35:02,506 - root - ERROR - Error fetching transactions from binance: binance {"code":-2008,"msg":"Invalid Api-Key ID."}
2026-01-29 20:35:07,516 - root - INFO - Scanning binance for new transactions...
2026-01-29 20:35:07,762 - root - ERROR - Error fetching transactions from binance: binance {"code":-2008,"msg":"Invalid Api-Key ID."}
2026-01-29 20:35:12,770 - root - INFO - Scanning binance for new transactions...
2026-01-29 20:35:13,028 - root - ERROR - Error fetching transactions from binance: binance {"code":-2008,"msg":"Invalid Api-Key ID."}
2026-01-29 20:35:18,038 - root - INFO - Scanning binance for new transactions...
2026-01-29 20:35:18,285 - root - ERROR - Error fetching transactions from binance: binance {"code":-2008,"msg":"Invalid Api-Key ID."}
2026-01-29 20:35:23,294 - root - INFO - Scanning binance for new transactions...
2026-01-29 20:35:23,534 - root - ERROR - Error fetching transactions from binance: binance {"code":-2008,"msg":"Invalid Api-Key ID."}
2026-01-29 20:35:28,545 - root - INFO - Scanning binance for new transactions...
2026-01-29 20:35:28,790 - root - ERROR - Error fetching transactions from binance: binance {"code":-2008,"msg":"Invalid Api-Key ID."}
2026-01-29 20:35:33,803 - root - INFO - Scanning binance for new transactions...
2026-01-29 20:35:34,049 - root - ERROR - Error fetching transactions from binance: binance {"code":-2008,"msg":"Invalid Api-Key ID."}
2026-01-29 20:35:39,057 - root - INFO - Scanning binance for new transactions...
2026-01-29 20:35:39,335 - root - ERROR - Error fetching transactions from binance: binance {"code":-2008,"msg":"Invalid Api-Key ID."}
2026-01-29 20:35:44,345 - root - INFO - Scanning binance for new transactions...
2026-01-29 20:35:44,586 - root - ERROR - Error fetching transactions from binance: binance {"code":-2008,"msg":"Invalid Api-Key ID."}
2026-01-29 20:35:49,598 - root - INFO - Scanning binance for new transactions...
2026-01-29 20:35:49,840 - root - ERROR - Error fetching transactions from binance: binance {"code":-2008,"msg":"Invalid Api-Key ID."}
2026-01-29 20:35:54,850 - root - INFO - Scanning binance for new transactions...
2026-01-29 20:35:55,094 - root - ERROR - Error fetching transactions from binance: binance {"code":-2008,"msg":"Invalid Api-Key ID."}
2026-01-29 20:36:00,104 - root - INFO - Scanning binance for new transactions...
2026-01-29 20:36:00,349 - root - ERROR - Error fetching transactions from binance: binance {"code":-2008,"msg":"Invalid Api-Key ID."}
2026-01-29 20:36:05,359 - root - INFO - Scanning binance for new transactions...
2026-01-29 20:36:05,600 - root - ERROR - Error fetching transactions from binance: binance {"code":-2008,"msg":"Invalid Api-Key ID."}
2026-01-29 20:36:10,610 - root - INFO - Scanning binance for new transactions...
2026-01-29 20:36:10,852 - root - ERROR - Error fetching transactions from binance: binance {"code":-2008,"msg":"Invalid Api-Key ID."}
2026-01-29 20:36:15,862 - root - INFO - Scanning binance for new transactions...
2026-01-29 20:36:16,109 - root - ERROR - Error fetching transactions from binance: binance {"code":-2008,"msg":"Invalid Api-Key ID."}
2026-01-29 20:36:21,120 - root - INFO - Scanning binance for new transactions...
2026-01-29 20:36:21,358 - root - ERROR - Error fetching transactions from binance: binance {"code":-2008,"msg":"Invalid Api-Key ID."}
2026-01-29 20:36:26,371 - root - INFO - Scanning binance for new transactions...
2026-01-29 20:36:26,620 - root - ERROR - Error fetching transactions from binance: binance {"code":-2008,"msg":"Invalid Api-Key ID."}
2026-01-29 20:36:31,631 - root - INFO - Scanning binance for new transactions...
2026-01-29 20:36:31,875 - root - ERROR - Error fetching transactions from binance: binance {"code":-2008,"msg":"Invalid Api-Key ID."}
2026-01-29 20:36:36,886 - root - INFO - Scanning binance for new transactions...
2026-01-29 20:36:37,132 - root - ERROR - Error fetching transactions from binance: binance {"code":-2008,"msg":"Invalid Api-Key ID."}
2026-01-29 20:36:42,143 - root - INFO - Scanning binance for new transactions...
2026-01-29 20:36:42,387 - root - ERROR - Error fetching transactions from binance: binance {"code":-2008,"msg":"Invalid Api-Key ID."}
2026-01-29 20:36:47,398 - root - INFO - Scanning binance for new transactions...
2026-01-29 20:36:47,647 - root - ERROR - Error fetching transactions from binance: binance {"code":-2008,"msg":"Invalid Api-Key ID."}
2026-01-29 20:36:52,658 - root - INFO - Scanning binance for new transactions...
2026-01-29 20:36:52,904 - root - ERROR - Error fetching transactions from binance: binance {"code":-2008,"msg":"Invalid Api-Key ID."}
2026-01-29 20:36:57,913 - root - INFO - Scanning binance for new transactions...
2026-01-29 20:36:58,158 - root - ERROR - Error fetching transactions from binance: binance {"code":-2008,"msg":"Invalid Api-Key ID."}
2026-01-29 20:37:03,171 - root - INFO - Scanning binance for new transactions...
2026-01-29 20:37:03,416 - root - ERROR - Error fetching transactions from binance: binance {"code":-2008,"msg":"Invalid Api-Key ID."}
2026-01-29 20:37:08,429 - root - INFO - Scanning binance for new transactions...
2026-01-29 20:37:08,672 - root - ERROR - Error fetching transactions from binance: binance {"code":-2008,"msg":"Invalid Api-Key ID."}
2026-01-29 20:37:13,683 - root - INFO - Scanning binance for new transactions...
2026-01-29 20:37:13,942 - root - ERROR - Error fetching transactions from binance: binance {"code":-2008,"msg":"Invalid Api-Key ID."}
2026-01-29 20:37:18,951 - root - INFO - Scanning binance for new transactions...
2026-01-29 20:37:19,199 - root - ERROR - Error fetching transactions from binance: binance {"code":-2008,"msg":"Invalid Api-Key ID."}
2026-01-29 20:37:24,211 - root - INFO - Scanning binance for new transactions...
2026-01-29 20:37:24,456 - root - ERROR - Error fetching transactions from binance: binance {"code":-2008,"msg":"Invalid Api-Key ID."}
2026-01-29 20:37:29,467 - root - INFO - Scanning binance for new transactions...
2026-01-29 20:37:29,706 - root - ERROR - Error fetching transactions from binance: binance {"code":-2008,"msg":"Invalid Api-Key ID."}
2026-01-29 20:37:34,716 - root - INFO - Scanning binance for new transactions...
2026-01-29 20:37:34,959 - root - ERROR - Error fetching transactions from binance: binance {"code":-2008,"msg":"Invalid Api-Key ID."}
2026-01-29 20:37:39,970 - root - INFO - Scanning binance for new transactions...
2026-01-29 20:37:40,217 - root - ERROR - Error fetching transactions from binance: binance {"code":-2008,"msg":"Invalid Api-Key ID."}
2026-01-29 20:37:45,228 - root - INFO - Scanning binance for new transactions...
2026-01-29 20:37:45,476 - root - ERROR - Error fetching transactions from binance: binance {"code":-2008,"msg":"Invalid Api-Key ID."}
2026-01-29 20:37:50,486 - root - INFO - Scanning binance for new transactions...
2026-01-29 20:37:50,735 - root - ERROR - Error fetching transactions from binance: binance {"code":-2008,"msg":"Invalid Api-Key ID."}
2026-01-29 20:37:55,744 - root - INFO - Scanning binance for new transactions...
2026-01-29 20:37:55,990 - root - ERROR - Error fetching transactions from binance: binance {"code":-2008,"msg":"Invalid Api-Key ID."}
2026-01-29 20:38:01,000 - root - INFO - Scanning binance for new transactions...
2026-01-29 20:38:01,246 - root - ERROR - Error fetching transactions from binance: binance {"code":-2008,"msg":"Invalid Api-Key ID."}
2026-01-29 20:38:06,258 - root - INFO - Scanning binance for new transactions...
2026-01-29 20:38:06,500 - root - ERROR - Error fetching transactions from binance: binance {"code":-2008,"msg":"Invalid Api-Key ID."}
2026-01-29 20:38:11,510 - root - INFO - Scanning binance for new transactions...
2026-01-29 20:38:11,758 - root - ERROR - Error fetching transactions from binance: binance {"code":-2008,"msg":"Invalid Api-Key ID."}
2026-01-29 20:38:16,769 - root - INFO - Scanning binance for new transactions...
2026-01-29 20:38:17,015 - root - ERROR - Error fetching transactions from binance: binance {"code":-2008,"msg":"Invalid Api-Key ID."}
2026-01-29 20:38:22,026 - root - INFO - Scanning binance for new transactions...
2026-01-29 20:38:22,286 - root - ERROR - Error fetching transactions from binance: binance {"code":-2008,"msg":"Invalid Api-Key ID."}
2026-01-29 20:38:27,298 - root - INFO - Scanning binance for new transactions...
2026-01-29 20:38:27,544 - root - ERROR - Error fetching transactions from binance: binance {"code":-2008,"msg":"Invalid Api-Key ID."}
2026-01-29 20:38:32,560 - root - INFO - Scanning binance for new transactions...
2026-01-29 20:38:32,804 - root - ERROR - Error fetching transactions from binance: binance {"code":-2008,"msg":"Invalid Api-Key ID."}
2026-01-29 20:38:37,815 - root - INFO - Scanning binance for new transactions...
2026-01-29 20:38:38,061 - root - ERROR - Error fetching transactions from binance: binance {"code":-2008,"msg":"Invalid Api-Key ID."}
2026-01-29 20:38:43,074 - root - INFO - Scanning binance for new transactions...
2026-01-29 20:38:43,321 - root - ERROR - Error fetching transactions from binance: binance {"code":-2008,"msg":"Invalid Api-Key ID."}
2026-01-29 20:38:48,332 - root - INFO - Scanning binance for new transactions...
2026-01-29 20:38:48,574 - root - ERROR - Error fetching transactions from binance: binance {"code":-2008,"msg":"Invalid Api-Key ID."}
2026-01-29 20:38:53,585 - root - INFO - Scanning binance for new transactions...
2026-01-29 20:38:53,830 - root - ERROR - Error fetching transactions from binance: binance {"code":-2008,"msg":"Invalid Api-Key ID."}
2026-01-29 20:38:58,842 - root - INFO - Scanning binance for new transactions...
2026-01-29 20:38:59,087 - root - ERROR - Error fetching transactions from binance: binance {"code":-2008,"msg":"Invalid Api-Key ID."}
2026-01-29 20:39:04,097 - root - INFO - Scanning binance for new transactions...
2026-01-29 20:39:04,345 - root - ERROR - Error fetching transactions from binance: binance {"code":-2008,"msg":"Invalid Api-Key ID."}
2026-01-29 20:39:09,355 - root - INFO - Scanning binance for new transactions...
2026-01-29 20:39:09,598 - root - ERROR - Error fetching transactions from binance: binance {"code":-2008,"msg":"Invalid Api-Key ID."}
2026-01-29 20:39:14,607 - root - INFO - Scanning binance for new transactions...
2026-01-29 20:39:14,860 - root - ERROR - Error fetching transactions from binance: binance {"code":-2008,"msg":"Invalid Api-Key ID."}
2026-01-29 20:39:19,871 - root - INFO - Scanning binance for new transactions...
2026-01-29 20:39:20,115 - root - ERROR - Error fetching transactions from binance: binance {"code":-2008,"msg":"Invalid Api-Key ID."}
2026-01-29 20:39:25,126 - root - INFO - Scanning binance for new transactions...
2026-01-29 20:39:25,378 - root - ERROR - Error fetching transactions from binance: binance {"code":-2008,"msg":"Invalid Api-Key ID."}
2026-01-29 20:39:30,389 - root - INFO - Scanning binance for new transactions...
2026-01-29 20:39:30,635 - root - ERROR - Error fetching transactions from binance: binance {"code":-2008,"msg":"Invalid Api-Key ID."}
2026-01-29 20:39:35,645 - root - INFO - Scanning binance for new transactions...
2026-01-29 20:39:35,900 - root - ERROR - Error fetching transactions from binance: binance {"code":-2008,"msg":"Invalid Api-Key ID."}
2026-01-29 20:39:40,909 - root - INFO - Scanning binance for new transactions...
2026-01-29 20:39:41,152 - root - ERROR - Error fetching transactions from binance: binance {"code":-2008,"msg":"Invalid Api-Key ID."}
2026-01-29 20:39:46,162 - root - INFO - Scanning binance for new transactions...
2026-01-29 20:39:46,411 - root - ERROR - Error fetching transactions from binance: binance {"code":-2008,"msg":"Invalid Api-Key ID."}
2026-01-29 20:39:51,421 - root - INFO - Scanning binance for new transactions...
2026-01-29 20:39:51,689 - root - ERROR - Error fetching transactions from binance: binance {"code":-2008,"msg":"Invalid Api-Key ID."}
2026-01-29 20:39:56,701 - root - INFO - Scanning binance for new transactions...
2026-01-29 20:39:56,949 - root - ERROR - Error fetching transactions from binance: binance {"code":-2008,"msg":"Invalid Api-Key ID."}
2026-01-29 20:40:01,959 - root - INFO - Scanning binance for new transactions...
2026-01-29 20:40:02,204 - root - ERROR - Error fetching transactions from binance: binance {"code":-2008,"msg":"Invalid Api-Key ID."}
2026-01-29 20:40:07,214 - root - INFO - Scanning binance for new transactions...
2026-01-29 20:40:07,459 - root - ERROR - Error fetching transactions from binance: binance {"code":-2008,"msg":"Invalid Api-Key ID."}
2026-01-29 20:40:12,470 - root - INFO - Scanning binance for new transactions...
2026-01-29 20:40:12,754 - root - ERROR - Error fetching transactions from binance: binance {"code":-2008,"msg":"Invalid Api-Key ID."}
2026-01-29 20:40:17,766 - root - INFO - Scanning binance for new transactions...
2026-01-29 20:40:18,006 - root - ERROR - Error fetching transactions from binance: binance {"code":-2008,"msg":"Invalid Api-Key ID."}
2026-01-29 20:40:23,020 - root - INFO - Scanning binance for new transactions...
2026-01-29 20:40:23,273 - root - ERROR - Error fetching transactions from binance: binance {"code":-2008,"msg":"Invalid Api-Key ID."}
2026-01-29 20:40:28,283 - root - INFO - Scanning binance for new transactions...
2026-01-29 20:40:28,528 - root - ERROR - Error fetching transactions from binance: binance {"code":-2008,"msg":"Invalid Api-Key ID."}
2026-01-29 20:40:33,541 - root - INFO - Scanning binance for new transactions...
2026-01-29 20:40:33,789 - root - ERROR - Error fetching transactions from binance: binance {"code":-2008,"msg":"Invalid Api-Key ID."}
2026-01-29 20:40:38,800 - root - INFO - Scanning binance for new transactions...
2026-01-29 20:40:39,042 - root - ERROR - Error fetching transactions from binance: binance {"code":-2008,"msg":"Invalid Api-Key ID."}
2026-01-29 20:40:44,055 - root - INFO - Scanning binance for new transactions...
2026-01-29 20:40:44,293 - root - ERROR - Error fetching transactions from binance: binance {"code":-2008,"msg":"Invalid Api-Key ID."}
2026-01-29 20:40:49,304 - root - INFO - Scanning binance for new transactions...
2026-01-29 20:40:49,548 - root - ERROR - Error fetching transactions from binance: binance {"code":-2008,"msg":"Invalid Api-Key ID."}
2026-01-29 20:40:54,558 - root - INFO - Scanning binance for new transactions...
2026-01-29 20:40:54,801 - root - ERROR - Error fetching transactions from binance: binance {"code":-2008,"msg":"Invalid Api-Key ID."}
2026-01-29 20:40:59,812 - root - INFO - Scanning binance for new transactions...
2026-01-29 20:41:00,062 - root - ERROR - Error fetching transactions from binance: binance {"code":-2008,"msg":"Invalid Api-Key ID."}
2026-01-29 20:41:05,073 - root - INFO - Scanning binance for new transactions...
2026-01-29 20:41:05,318 - root - ERROR - Error fetching transactions from binance: binance {"code":-2008,"msg":"Invalid Api-Key ID."}
2026-01-29 20:41:10,333 - root - INFO - Scanning binance for new transactions...
2026-01-29 20:41:10,584 - root - ERROR - Error fetching transactions from binance: binance {"code":-2008,"msg":"Invalid Api-Key ID."}
2026-01-29 20:41:15,884 - root - INFO - Scanning binance for new transactions...
2026-01-29 20:41:16,134 - root - ERROR - Error fetching transactions from binance: binance {"code":-2008,"msg":"Invalid Api-Key ID."}
2026-01-29 20:41:21,145 - root - INFO - Scanning binance for new transactions...
2026-01-29 20:41:21,389 - root - ERROR - Error fetching transactions from binance: binance {"code":-2008,"msg":"Invalid Api-Key ID."}
2026-01-29 20:41:26,401 - root - INFO - Scanning binance for new transactions...
2026-01-29 20:41:26,646 - root - ERROR - Error fetching transactions from binance: binance {"code":-2008,"msg":"Invalid Api-Key ID."}
2026-01-29 20:41:31,656 - root - INFO - Scanning binance for new transactions...
2026-01-29 20:41:31,907 - root - ERROR - Error fetching transactions from binance: binance {"code":-2008,"msg":"Invalid Api-Key ID."}
2026-01-29 20:41:36,920 - root - INFO - Scanning binance for new transactions...
2026-01-29 20:41:37,167 - root - ERROR - Error fetching transactions from binance: binance {"code":-2008,"msg":"Invalid Api-Key ID."}
2026-01-29 20:41:42,178 - root - INFO - Scanning binance for new transactions...
2026-01-29 20:41:42,428 - root - ERROR - Error fetching transactions from binance: binance {"code":-2008,"msg":"Invalid Api-Key ID."}
2026-01-29 20:41:47,439 - root - INFO - Scanning binance for new transactions...
2026-01-29 20:41:47,678 - root - ERROR - Error fetching transactions from binance: binance {"code":-2008,"msg":"Invalid Api-Key ID."}
2026-01-29 20:41:52,689 - root - INFO - Scanning binance for new transactions...
2026-01-29 20:41:52,936 - root - ERROR - Error fetching transactions from binance: binance {"code":-2008,"msg":"Invalid Api-Key ID."}
2026-01-29 20:41:57,946 - root - INFO - Scanning binance for new transactions...
2026-01-29 20:41:58,196 - root - ERROR - Error fetching transactions from binance: binance {"code":-2008,"msg":"Invalid Api-Key ID."}
2026-01-29 20:42:03,209 - root - INFO - Scanning binance for new transactions...
2026-01-29 20:42:03,456 - root - ERROR - Error fetching transactions from binance: binance {"code":-2008,"msg":"Invalid Api-Key ID."}
2026-01-29 20:42:08,466 - root - INFO - Scanning binance for new transactions...
2026-01-29 20:42:08,714 - root - ERROR - Error fetching transactions from binance: binance {"code":-2008,"msg":"Invalid Api-Key ID."}
2026-01-29 20:42:13,727 - root - INFO - Scanning binance for new transactions...
2026-01-29 20:42:13,971 - root - ERROR - Error fetching transactions from binance: binance {"code":-2008,"msg":"Invalid Api-Key ID."}
2026-01-29 20:42:18,984 - root - INFO - Scanning binance for new transactions...
2026-01-29 20:42:19,236 - root - ERROR - Error fetching transactions from binance: binance {"code":-2008,"msg":"Invalid Api-Key ID."}
2026-01-29 20:42:24,249 - root - INFO - Scanning binance for new transactions...
2026-01-29 20:42:24,496 - root - ERROR - Error fetching transactions from binance: binance {"code":-2008,"msg":"Invalid Api-Key ID."}
2026-01-29 20:42:29,508 - root - INFO - Scanning binance for new transactions...
2026-01-29 20:42:29,755 - root - ERROR - Error fetching transactions from binance: binance {"code":-2008,"msg":"Invalid Api-Key ID."}
2026-01-29 20:42:34,768 - root - INFO - Scanning binance for new transactions...
2026-01-29 20:42:35,008 - root - ERROR - Error fetching transactions from binance: binance {"code":-2008,"msg":"Invalid Api-Key ID."}
2026-01-29 20:42:40,175 - root - INFO - Scanning binance for new transactions...
2026-01-29 20:42:40,420 - root - ERROR - Error fetching transactions from binance: binance {"code":-2008,"msg":"Invalid Api-Key ID."}
2026-01-29 20:42:45,432 - root - INFO - Scanning binance for new transactions...
2026-01-29 20:42:45,676 - root - ERROR - Error fetching transactions from binance: binance {"code":-2008,"msg":"Invalid Api-Key ID."}
2026-01-29 20:42:50,686 - root - INFO - Scanning binance for new transactions...
2026-01-29 20:42:50,931 - root - ERROR - Error fetching transactions from binance: binance {"code":-2008,"msg":"Invalid Api-Key ID."}
2026-01-29 20:42:55,943 - root - INFO - Scanning binance for new transactions...
2026-01-29 20:42:56,230 - root - ERROR - Error fetching transactions from binance: binance {"code":-2008,"msg":"Invalid Api-Key ID."}
2026-01-29 20:43:01,241 - root - INFO - Scanning binance for new transactions...
2026-01-29 20:43:01,489 - root - ERROR - Error fetching transactions from binance: binance {"code":-2008,"msg":"Invalid Api-Key ID."}
2026-01-29 20:43:06,502 - root - INFO - Scanning binance for new transactions...
2026-01-29 20:43:06,751 - root - ERROR - Error fetching transactions from binance: binance {"code":-2008,"msg":"Invalid Api-Key ID."}
2026-01-29 20:43:11,762 - root - INFO - Scanning binance for new transactions...
2026-01-29 20:43:12,013 - root - ERROR - Error fetching transactions from binance: binance {"code":-2008,"msg":"Invalid Api-Key ID."}
2026-01-29 20:43:17,024 - root - INFO - Scanning binance for new transactions...
2026-01-29 20:43:17,272 - root - ERROR - Error fetching transactions from binance: binance {"code":-2008,"msg":"Invalid Api-Key ID."}
2026-01-29 20:43:22,282 - root - INFO - Scanning binance for new transactions...
2026-01-29 20:43:22,527 - root - ERROR - Error fetching transactions from binance: binance {"code":-2008,"msg":"Invalid Api-Key ID."}
2026-01-29 20:43:27,537 - root - INFO - Scanning binance for new transactions...
2026-01-29 20:43:27,783 - root - ERROR - Error fetching transactions from binance: binance {"code":-2008,"msg":"Invalid Api-Key ID."}
2026-01-29 20:43:32,794 - root - INFO - Scanning binance for new transactions...
2026-01-29 20:43:33,041 - root - ERROR - Error fetching transactions from binance: binance {"code":-2008,"msg":"Invalid Api-Key ID."}
2026-01-29 20:43:38,052 - root - INFO - Scanning binance for new transactions...
2026-01-29 20:43:38,295 - root - ERROR - Error fetching transactions from binance: binance {"code":-2008,"msg":"Invalid Api-Key ID."}
2026-01-29 20:43:43,306 - root - INFO - Scanning binance for new transactions...
2026-01-29 20:43:43,552 - root - ERROR - Error fetching transactions from binance: binance {"code":-2008,"msg":"Invalid Api-Key ID."}
2026-01-29 20:43:48,564 - root - INFO - Scanning binance for new transactions...
2026-01-29 20:43:48,809 - root - ERROR - Error fetching transactions from binance: binance {"code":-2008,"msg":"Invalid Api-Key ID."}
2026-01-29 20:43:53,819 - root - INFO - Scanning binance for new transactions...
2026-01-29 20:43:54,067 - root - ERROR - Error fetching transactions from binance: binance {"code":-2008,"msg":"Invalid Api-Key ID."}
2026-01-29 20:43:59,077 - root - INFO - Scanning binance for new transactions...
2026-01-29 20:43:59,323 - root - ERROR - Error fetching transactions from binance: binance {"code":-2008,"msg":"Invalid Api-Key ID."}
2026-01-29 20:44:04,333 - root - INFO - Scanning binance for new transactions...
2026-01-29 20:44:04,578 - root - ERROR - Error fetching transactions from binance: binance {"code":-2008,"msg":"Invalid Api-Key ID."}
2026-01-29 20:44:09,588 - root - INFO - Scanning binance for new transactions...
2026-01-29 20:44:09,832 - root - ERROR - Error fetching transactions from binance: binance {"code":-2008,"msg":"Invalid Api-Key ID."}
2026-01-29 20:44:14,841 - root - INFO - Scanning binance for new transactions...
2026-01-29 20:44:15,092 - root - ERROR - Error fetching transactions from binance: binance {"code":-2008,"msg":"Invalid Api-Key ID."}
2026-01-29 20:44:20,104 - root - INFO - Scanning binance for new transactions...
2026-01-29 20:44:20,353 - root - ERROR - Error fetching transactions from binance: binance {"code":-2008,"msg":"Invalid Api-Key ID."}
2026-01-29 20:44:25,365 - root - INFO - Scanning binance for new transactions...
2026-01-29 20:44:25,617 - root - ERROR - Error fetching transactions from binance: binance {"code":-2008,"msg":"Invalid Api-Key ID."}
2026-01-29 20:44:30,629 - root - INFO - Scanning binance for new transactions...
2026-01-29 20:44:30,880 - root - ERROR - Error fetching transactions from binance: binance {"code":-2008,"msg":"Invalid Api-Key ID."}
2026-01-29 20:44:35,893 - root - INFO - Scanning binance for new transactions...
2026-01-29 20:44:36,137 - root - ERROR - Error fetching transactions from binance: binance {"code":-2008,"msg":"Invalid Api-Key ID."}
2026-01-29 20:44:41,149 - root - INFO - Scanning binance for new transactions...
2026-01-29 20:44:41,396 - root - ERROR - Error fetching transactions from binance: binance {"code":-2008,"msg":"Invalid Api-Key ID."}
2026-01-29 20:44:46,407 - root - INFO - Scanning binance for new transactions...
2026-01-29 20:44:46,656 - root - ERROR - Error fetching transactions from binance: binance {"code":-2008,"msg":"Invalid Api-Key ID."}
2026-01-29 20:44:51,672 - root - INFO - Scanning binance for new transactions...
2026-01-29 20:44:51,916 - root - ERROR - Error fetching transactions from binance: binance {"code":-2008,"msg":"Invalid Api-Key ID."}
2026-01-29 20:44:56,927 - root - INFO - Scanning binance for new transactions...
2026-01-29 20:44:57,177 - root - ERROR - Error fetching transactions from binance: binance {"code":-2008,"msg":"Invalid Api-Key ID."}
2026-01-29 20:45:02,189 - root - INFO - Scanning binance for new transactions...
2026-01-29 20:45:02,439 - root - ERROR - Error fetching transactions from binance: binance {"code":-2008,"msg":"Invalid Api-Key ID."}
2026-01-29 20:45:07,452 - root - INFO - Scanning binance for new transactions...
2026-01-29 20:45:07,698 - root - ERROR - Error fetching transactions from binance: binance {"code":-2008,"msg":"Invalid Api-Key ID."}
2026-01-29 20:45:12,710 - root - INFO - Scanning binance for new transactions...
2026-01-29 20:45:12,959 - root - ERROR - Error fetching transactions from binance: binance {"code":-2008,"msg":"Invalid Api-Key ID."}
2026-01-29 20:45:17,970 - root - INFO - Scanning binance for new transactions...
2026-01-29 20:45:18,223 - root - ERROR - Error fetching transactions from binance: binance {"code":-2008,"msg":"Invalid Api-Key ID."}
2026-01-29 20:45:23,238 - root - INFO - Scanning binance for new transactions...
2026-01-29 20:45:23,481 - root - ERROR - Error fetching transactions from binance: binance {"code":-2008,"msg":"Invalid Api-Key ID."}
2026-01-29 20:45:28,493 - root - INFO - Scanning binance for new transactions...
2026-01-29 20:45:28,734 - root - ERROR - Error fetching transactions from binance: binance {"code":-2008,"msg":"Invalid Api-Key ID."}
2026-01-29 20:45:33,752 - root - INFO - Scanning binance for new transactions...
2026-01-29 20:45:33,996 - root - ERROR - Error fetching transactions from binance: binance {"code":-2008,"msg":"Invalid Api-Key ID."}
2026-01-29 20:45:39,010 - root - INFO - Scanning binance for new transactions...
2026-01-29 20:45:39,250 - root - ERROR - Error fetching transactions from binance: binance {"code":-2008,"msg":"Invalid Api-Key ID."}
2026-01-29 20:45:44,262 - root - INFO - Scanning binance for new transactions...
2026-01-29 20:45:44,508 - root - ERROR - Error fetching transactions from binance: binance {"code":-2008,"msg":"Invalid Api-Key ID."}
2026-01-29 20:45:49,523 - root - INFO - Scanning binance for new transactions...
2026-01-29 20:45:49,772 - root - ERROR - Error fetching transactions from binance: binance {"code":-2008,"msg":"Invalid Api-Key ID."}
2026-01-29 20:45:54,786 - root - INFO - Scanning binance for new transactions...
2026-01-29 20:45:55,429 - root - ERROR - Error fetching transactions from binance: binance {"code":-2008,"msg":"Invalid Api-Key ID."}
2026-01-29 20:46:00,440 - root - INFO - Scanning binance for new transactions...
2026-01-29 20:46:00,683 - root - ERROR - Error fetching transactions from binance: binance {"code":-2008,"msg":"Invalid Api-Key ID."}
2026-01-29 20:46:05,696 - root - INFO - Scanning binance for new transactions...
2026-01-29 20:46:05,943 - root - ERROR - Error fetching transactions from binance: binance {"code":-2008,"msg":"Invalid Api-Key ID."}
2026-01-29 20:46:10,953 - root - INFO - Scanning binance for new transactions...
2026-01-29 20:46:11,203 - root - ERROR - Error fetching transactions from binance: binance {"code":-2008,"msg":"Invalid Api-Key ID."}
2026-01-29 20:46:16,214 - root - INFO - Scanning binance for new transactions...
2026-01-29 20:46:16,466 - root - ERROR - Error fetching transactions from binance: binance {"code":-2008,"msg":"Invalid Api-Key ID."}
2026-01-29 20:46:21,478 - root - INFO - Scanning binance for new transactions...
2026-01-29 20:46:21,725 - root - ERROR - Error fetching transactions from binance: binance {"code":-2008,"msg":"Invalid Api-Key ID."}
2026-01-29 20:46:26,742 - root - INFO - Scanning binance for new transactions...
2026-01-29 20:46:26,992 - root - ERROR - Error fetching transactions from binance: binance {"code":-2008,"msg":"Invalid Api-Key ID."}
2026-01-29 20:46:32,003 - root - INFO - Scanning binance for new transactions...
2026-01-29 20:46:32,262 - root - ERROR - Error fetching transactions from binance: binance {"code":-2008,"msg":"Invalid Api-Key ID."}
2026-01-29 20:46:37,274 - root - INFO - Scanning binance for new transactions...
2026-01-29 20:46:37,517 - root - ERROR - Error fetching transactions from binance: binance {"code":-2008,"msg":"Invalid Api-Key ID."}
2026-01-29 20:46:42,531 - root - INFO - Scanning binance for new transactions...
2026-01-29 20:46:42,782 - root - ERROR - Error fetching transactions from binance: binance {"code":-2008,"msg":"Invalid Api-Key ID."}
2026-01-29 20:46:47,794 - root - INFO - Scanning binance for new transactions...
2026-01-29 20:46:48,043 - root - ERROR - Error fetching transactions from binance: binance {"code":-2008,"msg":"Invalid Api-Key ID."}
2026-01-29 20:46:53,054 - root - INFO - Scanning binance for new transactions...
2026-01-29 20:46:53,302 - root - ERROR - Error fetching transactions from binance: binance {"code":-2008,"msg":"Invalid Api-Key ID."}
2026-01-29 20:46:58,313 - root - INFO - Scanning binance for new transactions...
2026-01-29 20:46:58,561 - root - ERROR - Error fetching transactions from binance: binance {"code":-2008,"msg":"Invalid Api-Key ID."}
2026-01-29 20:47:03,574 - root - INFO - Scanning binance for new transactions...
2026-01-29 20:47:03,824 - root - ERROR - Error fetching transactions from binance: binance {"code":-2008,"msg":"Invalid Api-Key ID."}
2026-01-29 20:47:08,835 - root - INFO - Scanning binance for new transactions...
2026-01-29 20:47:09,082 - root - ERROR - Error fetching transactions from binance: binance {"code":-2008,"msg":"Invalid Api-Key ID."}
2026-01-29 20:47:14,095 - root - INFO - Scanning binance for new transactions...
2026-01-29 20:47:14,341 - root - ERROR - Error fetching transactions from binance: binance {"code":-2008,"msg":"Invalid Api-Key ID."}
2026-01-29 20:47:19,353 - root - INFO - Scanning binance for new transactions...
2026-01-29 20:47:19,596 - root - ERROR - Error fetching transactions from binance: binance {"code":-2008,"msg":"Invalid Api-Key ID."}
2026-01-29 20:47:24,607 - root - INFO - Scanning binance for new transactions...
2026-01-29 20:47:24,855 - root - ERROR - Error fetching transactions from binance: binance {"code":-2008,"msg":"Invalid Api-Key ID."}
2026-01-29 20:47:29,869 - root - INFO - Scanning binance for new transactions...
2026-01-29 20:47:30,114 - root - ERROR - Error fetching transactions from binance: binance {"code":-2008,"msg":"Invalid Api-Key ID."}
2026-01-29 20:47:35,127 - root - INFO - Scanning binance for new transactions...
2026-01-29 20:47:35,368 - root - ERROR - Error fetching transactions from binance: binance {"code":-2008,"msg":"Invalid Api-Key ID."}
2026-01-29 20:47:40,383 - root - INFO - Scanning binance for new transactions...
2026-01-29 20:47:40,625 - root - ERROR - Error fetching transactions from binance: binance {"code":-2008,"msg":"Invalid Api-Key ID."}
2026-01-29 20:47:45,637 - root - INFO - Scanning binance for new transactions...
2026-01-29 20:47:45,888 - root - ERROR - Error fetching transactions from binance: binance {"code":-2008,"msg":"Invalid Api-Key ID."}
2026-01-29 20:47:50,900 - root - INFO - Scanning binance for new transactions...
2026-01-29 20:47:51,147 - root - ERROR - Error fetching transactions from binance: binance {"code":-2008,"msg":"Invalid Api-Key ID."}
2026-01-29 20:47:56,159 - root - INFO - Scanning binance for new transactions...
2026-01-29 20:47:56,407 - root - ERROR - Error fetching transactions from binance: binance {"code":-2008,"msg":"Invalid Api-Key ID."}
2026-01-29 20:48:01,420 - root - INFO - Scanning binance for new transactions...
2026-01-29 20:48:01,668 - root - ERROR - Error fetching transactions from binance: binance {"code":-2008,"msg":"Invalid Api-Key ID."}
2026-01-29 20:48:06,683 - root - INFO - Scanning binance for new transactions...
2026-01-29 20:48:06,929 - root - ERROR - Error fetching transactions from binance: binance {"code":-2008,"msg":"Invalid Api-Key ID."}
2026-01-29 20:48:11,941 - root - INFO - Scanning binance for new transactions...
2026-01-29 20:48:12,188 - root - ERROR - Error fetching transactions from binance: binance {"code":-2008,"msg":"Invalid Api-Key ID."}
2026-01-29 20:48:17,201 - root - INFO - Scanning binance for new transactions...
2026-01-29 20:48:17,444 - root - ERROR - Error fetching transactions from binance: binance {"code":-2008,"msg":"Invalid Api-Key ID."}
2026-01-29 20:48:22,461 - root - INFO - Scanning binance for new transactions...
2026-01-29 20:48:22,713 - root - ERROR - Error fetching transactions from binance: binance {"code":-2008,"msg":"Invalid Api-Key ID."}
2026-01-29 20:48:27,728 - root - INFO - Scanning binance for new transactions...
2026-01-29 20:48:27,977 - root - ERROR - Error fetching transactions from binance: binance {"code":-2008,"msg":"Invalid Api-Key ID."}
2026-01-29 20:48:32,989 - root - INFO - Scanning binance for new transactions...
2026-01-29 20:48:33,237 - root - ERROR - Error fetching transactions from binance: binance {"code":-2008,"msg":"Invalid Api-Key ID."}
2026-01-29 20:48:38,251 - root - INFO - Scanning binance for new transactions...
2026-01-29 20:48:38,506 - root - ERROR - Error fetching transactions from binance: binance {"code":-2008,"msg":"Invalid Api-Key ID."}
2026-01-29 20:48:43,518 - root - INFO - Scanning binance for new transactions...
2026-01-29 20:48:43,764 - root - ERROR - Error fetching transactions from binance: binance {"code":-2008,"msg":"Invalid Api-Key ID."}
2026-01-29 20:48:48,775 - root - INFO - Scanning binance for new transactions...
2026-01-29 20:48:49,020 - root - ERROR - Error fetching transactions from binance: binance {"code":-2008,"msg":"Invalid Api-Key ID."}
2026-01-29 20:48:54,036 - root - INFO - Scanning binance for new transactions...
2026-01-29 20:48:54,283 - root - ERROR - Error fetching transactions from binance: binance {"code":-2008,"msg":"Invalid Api-Key ID."}
2026-01-29 20:48:59,299 - root - INFO - Scanning binance for new transactions...
2026-01-29 20:48:59,546 - root - ERROR - Error fetching transactions from binance: binance {"code":-2008,"msg":"Invalid Api-Key ID."}
2026-01-29 20:49:04,561 - root - INFO - Scanning binance for new transactions...
2026-01-29 20:49:04,804 - root - ERROR - Error fetching transactions from binance: binance {"code":-2008,"msg":"Invalid Api-Key ID."}
2026-01-29 20:49:09,817 - root - INFO - Scanning binance for new transactions...
2026-01-29 20:49:10,064 - root - ERROR - Error fetching transactions from binance: binance {"code":-2008,"msg":"Invalid Api-Key ID."}
2026-01-29 20:49:15,077 - root - INFO - Scanning binance for new transactions...
2026-01-29 20:49:15,321 - root - ERROR - Error fetching transactions from binance: binance {"code":-2008,"msg":"Invalid Api-Key ID."}
2026-01-29 20:49:20,336 - root - INFO - Scanning binance for new transactions...
2026-01-29 20:49:20,575 - root - ERROR - Error fetching transactions from binance: binance {"code":-2008,"msg":"Invalid Api-Key ID."}
2026-01-29 20:49:25,588 - root - INFO - Scanning binance for new transactions...
2026-01-29 20:49:25,834 - root - ERROR - Error fetching transactions from binance: binance {"code":-2008,"msg":"Invalid Api-Key ID."}
2026-01-29 20:49:30,847 - root - INFO - Scanning binance for new transactions...
2026-01-29 20:49:31,092 - root - ERROR - Error fetching transactions from binance: binance {"code":-2008,"msg":"Invalid Api-Key ID."}
2026-01-29 20:49:36,106 - root - INFO - Scanning binance for new transactions...
2026-01-29 20:49:36,352 - root - ERROR - Error fetching transactions from binance: binance {"code":-2008,"msg":"Invalid Api-Key ID."}
2026-01-29 20:49:41,364 - root - INFO - Scanning binance for new transactions...
2026-01-29 20:49:41,612 - root - ERROR - Error fetching transactions from binance: binance {"code":-2008,"msg":"Invalid Api-Key ID."}
2026-01-29 20:49:46,624 - root - INFO - Scanning binance for new transactions...
2026-01-29 20:49:46,869 - root - ERROR - Error fetching transactions from binance: binance {"code":-2008,"msg":"Invalid Api-Key ID."}
2026-01-29 20:49:51,881 - root - INFO - Scanning binance for new transactions...
2026-01-29 20:49:52,125 - root - ERROR - Error fetching transactions from binance: binance {"code":-2008,"msg":"Invalid Api-Key ID."}
2026-01-29 20:49:57,138 - root - INFO - Scanning binance for new transactions...
2026-01-29 20:49:57,388 - root - ERROR - Error fetching transactions from binance: binance {"code":-2008,"msg":"Invalid Api-Key ID."}
2026-01-29 20:50:02,401 - root - INFO - Scanning binance for new transactions...
2026-01-29 20:50:02,641 - root - ERROR - Error fetching transactions from binance: binance {"code":-2008,"msg":"Invalid Api-Key ID."}
2026-01-29 20:50:07,657 - root - INFO - Scanning binance for new transactions...
2026-01-29 20:50:07,905 - root - ERROR - Error fetching transactions from binance: binance {"code":-2008,"msg":"Invalid Api-Key ID."}
2026-01-29 20:50:12,918 - root - INFO - Scanning binance for new transactions...
2026-01-29 20:50:13,164 - root - ERROR - Error fetching transactions from binance: binance {"code":-2008,"msg":"Invalid Api-Key ID."}
2026-01-29 20:50:18,181 - root - INFO - Scanning binance for new transactions...
2026-01-29 20:50:18,424 - root - ERROR - Error fetching transactions from binance: binance {"code":-2008,"msg":"Invalid Api-Key ID."}
2026-01-29 20:50:23,437 - root - INFO - Scanning binance for new transactions...
2026-01-29 20:50:23,684 - root - ERROR - Error fetching transactions from binance: binance {"code":-2008,"msg":"Invalid Api-Key ID."}
2026-01-29 20:50:28,696 - root - INFO - Scanning binance for new transactions...
2026-01-29 20:50:28,941 - root - ERROR - Error fetching transactions from binance: binance {"code":-2008,"msg":"Invalid Api-Key ID."}
2026-01-29 20:50:33,954 - root - INFO - Scanning binance for new transactions...
2026-01-29 20:50:34,203 - root - ERROR - Error fetching transactions from binance: binance {"code":-2008,"msg":"Invalid Api-Key ID."}
2026-01-29 20:50:39,217 - root - INFO - Scanning binance for new transactions...
2026-01-29 20:50:39,461 - root - ERROR - Error fetching transactions from binance: binance {"code":-2008,"msg":"Invalid Api-Key ID."}
2026-01-29 20:50:44,474 - root - INFO - Scanning binance for new transactions...
2026-01-29 20:50:44,725 - root - ERROR - Error fetching transactions from binance: binance {"code":-2008,"msg":"Invalid Api-Key ID."}
2026-01-29 20:50:49,739 - root - INFO - Scanning binance for new transactions...
2026-01-29 20:50:49,991 - root - ERROR - Error fetching transactions from binance: binance {"code":-2008,"msg":"Invalid Api-Key ID."}
2026-01-29 20:50:55,004 - root - INFO - Scanning binance for new transactions...
2026-01-29 20:50:55,255 - root - ERROR - Error fetching transactions from binance: binance {"code":-2008,"msg":"Invalid Api-Key ID."}
2026-01-29 20:51:00,271 - root - INFO - Scanning binance for new transactions...
2026-01-29 20:51:00,513 - root - ERROR - Error fetching transactions from binance: binance {"code":-2008,"msg":"Invalid Api-Key ID."}
2026-01-29 20:51:05,526 - root - INFO - Scanning binance for new transactions...
2026-01-29 20:51:05,775 - root - ERROR - Error fetching transactions from binance: binance {"code":-2008,"msg":"Invalid Api-Key ID."}
2026-01-29 20:51:10,790 - root - INFO - Scanning binance for new transactions...
2026-01-29 20:51:11,038 - root - ERROR - Error fetching transactions from binance: binance {"code":-2008,"msg":"Invalid Api-Key ID."}
2026-01-29 20:51:16,050 - root - INFO - Scanning binance for new transactions...
2026-01-29 20:51:16,295 - root - ERROR - Error fetching transactions from binance: binance {"code":-2008,"msg":"Invalid Api-Key ID."}
2026-01-29 20:51:21,308 - root - INFO - Scanning binance for new transactions...
2026-01-29 20:51:21,558 - root - ERROR - Error fetching transactions from binance: binance {"code":-2008,"msg":"Invalid Api-Key ID."}
2026-01-29 20:51:26,578 - root - INFO - Scanning binance for new transactions...
2026-01-29 20:51:26,825 - root - ERROR - Error fetching transactions from binance: binance {"code":-2008,"msg":"Invalid Api-Key ID."}
2026-01-29 20:51:31,838 - root - INFO - Scanning binance for new transactions...
2026-01-29 20:51:32,084 - root - ERROR - Error fetching transactions from binance: binance {"code":-2008,"msg":"Invalid Api-Key ID."}
2026-01-29 20:51:37,102 - root - INFO - Scanning binance for new transactions...
2026-01-29 20:51:37,352 - root - ERROR - Error fetching transactions from binance: binance {"code":-2008,"msg":"Invalid Api-Key ID."}
2026-01-29 20:51:42,363 - root - INFO - Scanning binance for new transactions...
2026-01-29 20:51:42,601 - root - ERROR - Error fetching transactions from binance: binance {"code":-2008,"msg":"Invalid Api-Key ID."}
2026-01-29 20:51:47,614 - root - INFO - Scanning binance for new transactions...
2026-01-29 20:51:47,865 - root - ERROR - Error fetching transactions from binance: binance {"code":-2008,"msg":"Invalid Api-Key ID."}
2026-01-29 20:51:52,878 - root - INFO - Scanning binance for new transactions...
2026-01-29 20:51:53,122 - root - ERROR - Error fetching transactions from binance: binance {"code":-2008,"msg":"Invalid Api-Key ID."}
2026-01-29 20:51:58,137 - root - INFO - Scanning binance for new transactions...
2026-01-29 20:51:58,383 - root - ERROR - Error fetching transactions from binance: binance {"code":-2008,"msg":"Invalid Api-Key ID."}
2026-01-29 20:52:03,396 - root - INFO - Scanning binance for new transactions...
2026-01-29 20:52:03,644 - root - ERROR - Error fetching transactions from binance: binance {"code":-2008,"msg":"Invalid Api-Key ID."}
2026-01-29 20:52:08,659 - root - INFO - Scanning binance for new transactions...
2026-01-29 20:52:08,902 - root - ERROR - Error fetching transactions from binance: binance {"code":-2008,"msg":"Invalid Api-Key ID."}
2026-01-29 20:52:13,914 - root - INFO - Scanning binance for new transactions...
2026-01-29 20:52:14,164 - root - ERROR - Error fetching transactions from binance: binance {"code":-2008,"msg":"Invalid Api-Key ID."}
2026-01-29 20:52:19,177 - root - INFO - Scanning binance for new transactions...
2026-01-29 20:52:19,420 - root - ERROR - Error fetching transactions from binance: binance {"code":-2008,"msg":"Invalid Api-Key ID."}
2026-01-29 20:52:24,433 - root - INFO - Scanning binance for new transactions...
2026-01-29 20:52:24,695 - root - ERROR - Error fetching transactions from binance: binance {"code":-2008,"msg":"Invalid Api-Key ID."}
2026-01-29 20:52:29,707 - root - INFO - Scanning binance for new transactions...
2026-01-29 20:52:29,949 - root - ERROR - Error fetching transactions from binance: binance {"code":-2008,"msg":"Invalid Api-Key ID."}
2026-01-29 20:52:34,962 - root - INFO - Scanning binance for new transactions...
2026-01-29 20:52:35,210 - root - ERROR - Error fetching transactions from binance: binance {"code":-2008,"msg":"Invalid Api-Key ID."}
2026-01-29 20:52:40,224 - root - INFO - Scanning binance for new transactions...
2026-01-29 20:52:40,470 - root - ERROR - Error fetching transactions from binance: binance {"code":-2008,"msg":"Invalid Api-Key ID."}
2026-01-29 20:52:45,484 - root - INFO - Scanning binance for new transactions...
2026-01-29 20:52:45,728 - root - ERROR - Error fetching transactions from binance: binance {"code":-2008,"msg":"Invalid Api-Key ID."}
2026-01-29 20:52:50,740 - root - INFO - Scanning binance for new transactions...
2026-01-29 20:52:50,988 - root - ERROR - Error fetching transactions from binance: binance {"code":-2008,"msg":"Invalid Api-Key ID."}
2026-01-29 20:52:56,001 - root - INFO - Scanning binance for new transactions...
2026-01-29 20:52:56,246 - root - ERROR - Error fetching transactions from binance: binance {"code":-2008,"msg":"Invalid Api-Key ID."}
2026-01-29 20:53:01,261 - root - INFO - Scanning binance for new transactions...
2026-01-29 20:53:01,507 - root - ERROR - Error fetching transactions from binance: binance {"code":-2008,"msg":"Invalid Api-Key ID."}
2026-01-29 20:53:06,519 - root - INFO - Scanning binance for new transactions...
2026-01-29 20:53:06,759 - root - ERROR - Error fetching transactions from binance: binance {"code":-2008,"msg":"Invalid Api-Key ID."}
2026-01-29 20:53:11,772 - root - INFO - Scanning binance for new transactions...
2026-01-29 20:53:12,017 - root - ERROR - Error fetching transactions from binance: binance {"code":-2008,"msg":"Invalid Api-Key ID."}
2026-01-29 20:53:17,031 - root - INFO - Scanning binance for new transactions...
2026-01-29 20:53:17,280 - root - ERROR - Error fetching transactions from binance: binance {"code":-2008,"msg":"Invalid Api-Key ID."}
2026-01-29 20:53:22,294 - root - INFO - Scanning binance for new transactions...
2026-01-29 20:53:22,547 - root - ERROR - Error fetching transactions from binance: binance {"code":-2008,"msg":"Invalid Api-Key ID."}
2026-01-29 20:53:27,561 - root - INFO - Scanning binance for new transactions...
2026-01-29 20:53:27,808 - root - ERROR - Error fetching transactions from binance: binance {"code":-2008,"msg":"Invalid Api-Key ID."}
2026-01-29 20:53:32,821 - root - INFO - Scanning binance for new transactions...
2026-01-29 20:53:33,066 - root - ERROR - Error fetching transactions from binance: binance {"code":-2008,"msg":"Invalid Api-Key ID."}
2026-01-29 20:53:38,081 - root - INFO - Scanning binance for new transactions...
2026-01-29 20:53:38,327 - root - ERROR - Error fetching transactions from binance: binance {"code":-2008,"msg":"Invalid Api-Key ID."}
2026-01-29 20:53:43,341 - root - INFO - Scanning binance for new transactions...
2026-01-29 20:53:43,585 - root - ERROR - Error fetching transactions from binance: binance {"code":-2008,"msg":"Invalid Api-Key ID."}
2026-01-29 20:53:48,598 - root - INFO - Scanning binance for new transactions...
2026-01-29 20:53:48,845 - root - ERROR - Error fetching transactions from binance: binance {"code":-2008,"msg":"Invalid Api-Key ID."}
2026-01-29 20:53:53,859 - root - INFO - Scanning binance for new transactions...
2026-01-29 20:53:54,104 - root - ERROR - Error fetching transactions from binance: binance {"code":-2008,"msg":"Invalid Api-Key ID."}
2026-01-29 20:53:59,116 - root - INFO - Scanning binance for new transactions...
2026-01-29 20:53:59,364 - root - ERROR - Error fetching transactions from binance: binance {"code":-2008,"msg":"Invalid Api-Key ID."}
2026-01-29 20:54:04,377 - root - INFO - Scanning binance for new transactions...
2026-01-29 20:54:04,619 - root - ERROR - Error fetching transactions from binance: binance {"code":-2008,"msg":"Invalid Api-Key ID."}
2026-01-29 20:54:09,635 - root - INFO - Scanning binance for new transactions...
2026-01-29 20:54:09,880 - root - ERROR - Error fetching transactions from binance: binance {"code":-2008,"msg":"Invalid Api-Key ID."}
2026-01-29 20:54:14,894 - root - INFO - Scanning binance for new transactions...
2026-01-29 20:54:15,139 - root - ERROR - Error fetching transactions from binance: binance {"code":-2008,"msg":"Invalid Api-Key ID."}
2026-01-29 20:54:20,153 - root - INFO - Scanning binance for new transactions...
2026-01-29 20:54:20,396 - root - ERROR - Error fetching transactions from binance: binance {"code":-2008,"msg":"Invalid Api-Key ID."}
2026-01-29 20:54:25,409 - root - INFO - Scanning binance for new transactions...
2026-01-29 20:54:25,651 - root - ERROR - Error fetching transactions from binance: binance {"code":-2008,"msg":"Invalid Api-Key ID."}
2026-01-29 20:54:30,664 - root - INFO - Scanning binance for new transactions...
2026-01-29 20:54:30,910 - root - ERROR - Error fetching transactions from binance: binance {"code":-2008,"msg":"Invalid Api-Key ID."}
2026-01-29 20:54:35,923 - root - INFO - Scanning binance for new transactions...
2026-01-29 20:54:36,169 - root - ERROR - Error fetching transactions from binance: binance {"code":-2008,"msg":"Invalid Api-Key ID."}
2026-01-29 20:54:41,185 - root - INFO - Scanning binance for new transactions...
2026-01-29 20:54:41,428 - root - ERROR - Error fetching transactions from binance: binance {"code":-2008,"msg":"Invalid Api-Key ID."}
2026-01-29 20:54:46,443 - root - INFO - Scanning binance for new transactions...
2026-01-29 20:54:46,682 - root - ERROR - Error fetching transactions from binance: binance {"code":-2008,"msg":"Invalid Api-Key ID."}
2026-01-29 20:54:51,698 - root - INFO - Scanning binance for new transactions...
2026-01-29 20:54:51,948 - root - ERROR - Error fetching transactions from binance: binance {"code":-2008,"msg":"Invalid Api-Key ID."}
2026-01-29 20:54:56,961 - root - INFO - Scanning binance for new transactions...
2026-01-29 20:54:57,218 - root - ERROR - Error fetching transactions from binance: binance {"code":-2008,"msg":"Invalid Api-Key ID."}
2026-01-29 20:55:02,234 - root - INFO - Scanning binance for new transactions...
2026-01-29 20:55:02,479 - root - ERROR - Error fetching transactions from binance: binance {"code":-2008,"msg":"Invalid Api-Key ID."}
2026-01-29 20:55:07,493 - root - INFO - Scanning binance for new transactions...
2026-01-29 20:55:07,745 - root - ERROR - Error fetching transactions from binance: binance {"code":-2008,"msg":"Invalid Api-Key ID."}
2026-01-29 20:55:12,758 - root - INFO - Scanning binance for new transactions...
2026-01-29 20:55:13,411 - root - ERROR - Error fetching transactions from binance: binance {"code":-2008,"msg":"Invalid Api-Key ID."}
2026-01-29 20:55:18,425 - root - INFO - Scanning binance for new transactions...
2026-01-29 20:55:18,675 - root - ERROR - Error fetching transactions from binance: binance {"code":-2008,"msg":"Invalid Api-Key ID."}
2026-01-29 20:55:23,694 - root - INFO - Scanning binance for new transactions...
2026-01-29 20:55:23,936 - root - ERROR - Error fetching transactions from binance: binance {"code":-2008,"msg":"Invalid Api-Key ID."}
2026-01-29 20:55:28,949 - root - INFO - Scanning binance for new transactions...
2026-01-29 20:55:29,190 - root - ERROR - Error fetching transactions from binance: binance {"code":-2008,"msg":"Invalid Api-Key ID."}
2026-01-29 20:55:34,203 - root - INFO - Scanning binance for new transactions...
2026-01-29 20:55:34,447 - root - ERROR - Error fetching transactions from binance: binance {"code":-2008,"msg":"Invalid Api-Key ID."}
2026-01-29 20:55:39,462 - root - INFO - Scanning binance for new transactions...
2026-01-29 20:55:39,722 - root - ERROR - Error fetching transactions from binance: binance {"code":-2008,"msg":"Invalid Api-Key ID."}
2026-01-29 20:55:44,736 - root - INFO - Scanning binance for new transactions...
2026-01-29 20:55:44,980 - root - ERROR - Error fetching transactions from binance: binance {"code":-2008,"msg":"Invalid Api-Key ID."}
2026-01-29 20:55:49,994 - root - INFO - Scanning binance for new transactions...
2026-01-29 20:55:50,233 - root - ERROR - Error fetching transactions from binance: binance {"code":-2008,"msg":"Invalid Api-Key ID."}
2026-01-29 20:55:55,247 - root - INFO - Scanning binance for new transactions...
2026-01-29 20:55:55,484 - root - ERROR - Error fetching transactions from binance: binance {"code":-2008,"msg":"Invalid Api-Key ID."}
2026-01-29 20:56:00,499 - root - INFO - Scanning binance for new transactions...
2026-01-29 20:56:00,749 - root - ERROR - Error fetching transactions from binance: binance {"code":-2008,"msg":"Invalid Api-Key ID."}
2026-01-29 20:56:05,763 - root - INFO - Scanning binance for new transactions...
2026-01-29 20:56:06,008 - root - ERROR - Error fetching transactions from binance: binance {"code":-2008,"msg":"Invalid Api-Key ID."}
2026-01-29 20:56:11,022 - root - INFO - Scanning binance for new transactions...
2026-01-29 20:56:11,270 - root - ERROR - Error fetching transactions from binance: binance {"code":-2008,"msg":"Invalid Api-Key ID."}
2026-01-29 20:56:16,290 - root - INFO - Scanning binance for new transactions...
2026-01-29 20:56:16,537 - root - ERROR - Error fetching transactions from binance: binance {"code":-2008,"msg":"Invalid Api-Key ID."}
2026-01-29 20:56:21,551 - root - INFO - Scanning binance for new transactions...
2026-01-29 20:56:21,793 - root - ERROR - Error fetching transactions from binance: binance {"code":-2008,"msg":"Invalid Api-Key ID."}
2026-01-29 20:56:26,806 - root - INFO - Scanning binance for new transactions...
2026-01-29 20:56:27,059 - root - ERROR - Error fetching transactions from binance: binance {"code":-2008,"msg":"Invalid Api-Key ID."}
2026-01-29 20:56:32,073 - root - INFO - Scanning binance for new transactions...
2026-01-29 20:56:32,315 - root - ERROR - Error fetching transactions from binance: binance {"code":-2008,"msg":"Invalid Api-Key ID."}
2026-01-29 20:56:37,330 - root - INFO - Scanning binance for new transactions...
2026-01-29 20:56:37,587 - root - ERROR - Error fetching transactions from binance: binance {"code":-2008,"msg":"Invalid Api-Key ID."}
2026-01-29 20:56:42,601 - root - INFO - Scanning binance for new transactions...
2026-01-29 20:56:42,846 - root - ERROR - Error fetching transactions from binance: binance {"code":-2008,"msg":"Invalid Api-Key ID."}
2026-01-29 20:56:47,860 - root - INFO - Scanning binance for new transactions...
2026-01-29 20:56:48,109 - root - ERROR - Error fetching transactions from binance: binance {"code":-2008,"msg":"Invalid Api-Key ID."}
2026-01-29 20:56:53,123 - root - INFO - Scanning binance for new transactions...
2026-01-29 20:56:53,372 - root - ERROR - Error fetching transactions from binance: binance {"code":-2008,"msg":"Invalid Api-Key ID."}
2026-01-29 20:56:58,385 - root - INFO - Scanning binance for new transactions...
2026-01-29 20:56:58,630 - root - ERROR - Error fetching transactions from binance: binance {"code":-2008,"msg":"Invalid Api-Key ID."}
2026-01-29 20:57:03,644 - root - INFO - Scanning binance for new transactions...
2026-01-29 20:57:03,886 - root - ERROR - Error fetching transactions from binance: binance {"code":-2008,"msg":"Invalid Api-Key ID."}
2026-01-29 20:57:08,900 - root - INFO - Scanning binance for new transactions...
2026-01-29 20:57:09,146 - root - ERROR - Error fetching transactions from binance: binance {"code":-2008,"msg":"Invalid Api-Key ID."}
2026-01-29 20:57:14,160 - root - INFO - Scanning binance for new transactions...
2026-01-29 20:57:14,399 - root - ERROR - Error fetching transactions from binance: binance {"code":-2008,"msg":"Invalid Api-Key ID."}
2026-01-29 20:57:19,414 - root - INFO - Scanning binance for new transactions...
2026-01-29 20:57:19,662 - root - ERROR - Error fetching transactions from binance: binance {"code":-2008,"msg":"Invalid Api-Key ID."}
2026-01-29 20:57:24,677 - root - INFO - Scanning binance for new transactions...
2026-01-29 20:57:24,922 - root - ERROR - Error fetching transactions from binance: binance {"code":-2008,"msg":"Invalid Api-Key ID."}
2026-01-29 20:57:29,936 - root - INFO - Scanning binance for new transactions...
2026-01-29 20:57:30,250 - root - ERROR - Error fetching transactions from binance: binance {"code":-2008,"msg":"Invalid Api-Key ID."}
2026-01-29 20:57:35,265 - root - INFO - Scanning binance for new transactions...
2026-01-29 20:57:35,525 - root - ERROR - Error fetching transactions from binance: binance {"code":-2008,"msg":"Invalid Api-Key ID."}
2026-01-29 20:57:40,539 - root - INFO - Scanning binance for new transactions...
2026-01-29 20:57:40,783 - root - ERROR - Error fetching transactions from binance: binance {"code":-2008,"msg":"Invalid Api-Key ID."}
2026-01-29 20:57:45,802 - root - INFO - Scanning binance for new transactions...
2026-01-29 20:57:46,049 - root - ERROR - Error fetching transactions from binance: binance {"code":-2008,"msg":"Invalid Api-Key ID."}
2026-01-29 20:57:51,064 - root - INFO - Scanning binance for new transactions...
2026-01-29 20:57:51,312 - root - ERROR - Error fetching transactions from binance: binance {"code":-2008,"msg":"Invalid Api-Key ID."}
2026-01-29 20:57:56,328 - root - INFO - Scanning binance for new transactions...
2026-01-29 20:57:56,575 - root - ERROR - Error fetching transactions from binance: binance {"code":-2008,"msg":"Invalid Api-Key ID."}
2026-01-29 20:58:01,589 - root - INFO - Scanning binance for new transactions...
2026-01-29 20:58:01,830 - root - ERROR - Error fetching transactions from binance: binance {"code":-2008,"msg":"Invalid Api-Key ID."}
2026-01-29 20:58:06,845 - root - INFO - Scanning binance for new transactions...
2026-01-29 20:58:07,097 - root - ERROR - Error fetching transactions from binance: binance {"code":-2008,"msg":"Invalid Api-Key ID."}
2026-01-29 20:58:12,111 - root - INFO - Scanning binance for new transactions...
2026-01-29 20:58:12,355 - root - ERROR - Error fetching transactions from binance: binance {"code":-2008,"msg":"Invalid Api-Key ID."}
2026-01-29 20:58:17,370 - root - INFO - Scanning binance for new transactions...
2026-01-29 20:58:17,618 - root - ERROR - Error fetching transactions from binance: binance {"code":-2008,"msg":"Invalid Api-Key ID."}
2026-01-29 20:58:22,632 - root - INFO - Scanning binance for new transactions...
2026-01-29 20:58:22,884 - root - ERROR - Error fetching transactions from binance: binance {"code":-2008,"msg":"Invalid Api-Key ID."}
2026-01-29 20:58:27,899 - root - INFO - Scanning binance for new transactions...
2026-01-29 20:58:28,153 - root - ERROR - Error fetching transactions from binance: binance {"code":-2008,"msg":"Invalid Api-Key ID."}
2026-01-29 20:58:33,166 - root - INFO - Scanning binance for new transactions...
2026-01-29 20:58:33,412 - root - ERROR - Error fetching transactions from binance: binance {"code":-2008,"msg":"Invalid Api-Key ID."}
2026-01-29 20:58:38,427 - root - INFO - Scanning binance for new transactions...
2026-01-29 20:58:38,674 - root - ERROR - Error fetching transactions from binance: binance {"code":-2008,"msg":"Invalid Api-Key ID."}
2026-01-29 20:58:43,687 - root - INFO - Scanning binance for new transactions...
2026-01-29 20:58:43,937 - root - ERROR - Error fetching transactions from binance: binance {"code":-2008,"msg":"Invalid Api-Key ID."}
2026-01-29 20:58:48,955 - root - INFO - Scanning binance for new transactions...
2026-01-29 20:58:49,197 - root - ERROR - Error fetching transactions from binance: binance {"code":-2008,"msg":"Invalid Api-Key ID."}
2026-01-29 20:58:54,212 - root - INFO - Scanning binance for new transactions...
2026-01-29 20:58:54,459 - root - ERROR - Error fetching transactions from binance: binance {"code":-2008,"msg":"Invalid Api-Key ID."}
2026-01-29 20:58:59,473 - root - INFO - Scanning binance for new transactions...
2026-01-29 20:58:59,719 - root - ERROR - Error fetching transactions from binance: binance {"code":-2008,"msg":"Invalid Api-Key ID."}
2026-01-29 20:59:04,735 - root - INFO - Scanning binance for new transactions...
2026-01-29 20:59:04,985 - root - ERROR - Error fetching transactions from binance: binance {"code":-2008,"msg":"Invalid Api-Key ID."}
2026-01-29 20:59:09,999 - root - INFO - Scanning binance for new transactions...
2026-01-29 20:59:10,246 - root - ERROR - Error fetching transactions from binance: binance {"code":-2008,"msg":"Invalid Api-Key ID."}
2026-01-29 20:59:15,260 - root - INFO - Scanning binance for new transactions...
2026-01-29 20:59:15,501 - root - ERROR - Error fetching transactions from binance: binance {"code":-2008,"msg":"Invalid Api-Key ID."}
2026-01-29 20:59:20,515 - root - INFO - Scanning binance for new transactions...
2026-01-29 20:59:20,758 - root - ERROR - Error fetching transactions from binance: binance {"code":-2008,"msg":"Invalid Api-Key ID."}
2026-01-29 20:59:25,773 - root - INFO - Scanning binance for new transactions...
2026-01-29 20:59:26,017 - root - ERROR - Error fetching transactions from binance: binance {"code":-2008,"msg":"Invalid Api-Key ID."}
2026-01-29 20:59:31,033 - root - INFO - Scanning binance for new transactions...
2026-01-29 20:59:31,284 - root - ERROR - Error fetching transactions from binance: binance {"code":-2008,"msg":"Invalid Api-Key ID."}
2026-01-29 20:59:36,301 - root - INFO - Scanning binance for new transactions...
2026-01-29 20:59:36,545 - root - ERROR - Error fetching transactions from binance: binance {"code":-2008,"msg":"Invalid Api-Key ID."}
2026-01-29 20:59:41,559 - root - INFO - Scanning binance for new transactions...
2026-01-29 20:59:41,805 - root - ERROR - Error fetching transactions from binance: binance {"code":-2008,"msg":"Invalid Api-Key ID."}
2026-01-29 20:59:46,821 - root - INFO - Scanning binance for new transactions...
2026-01-29 20:59:47,070 - root - ERROR - Error fetching transactions from binance: binance {"code":-2008,"msg":"Invalid Api-Key ID."}
2026-01-29 20:59:52,085 - root - INFO - Scanning binance for new transactions...
2026-01-29 20:59:52,337 - root - ERROR - Error fetching transactions from binance: binance {"code":-2008,"msg":"Invalid Api-Key ID."}
2026-01-29 20:59:57,351 - root - INFO - Scanning binance for new transactions...
2026-01-29 20:59:57,599 - root - ERROR - Error fetching transactions from binance: binance {"code":-2008,"msg":"Invalid Api-Key ID."}
2026-01-29 21:00:02,614 - root - INFO - Scanning binance for new transactions...
2026-01-29 21:00:03,278 - root - ERROR - Error fetching transactions from binance: binance {"code":-2008,"msg":"Invalid Api-Key ID."}
2026-01-29 21:00:08,294 - root - INFO - Scanning binance for new transactions...
2026-01-29 21:00:08,546 - root - ERROR - Error fetching transactions from binance: binance {"code":-2008,"msg":"Invalid Api-Key ID."}
2026-01-29 21:00:13,560 - root - INFO - Scanning binance for new transactions...
2026-01-29 21:00:13,807 - root - ERROR - Error fetching transactions from binance: binance {"code":-2008,"msg":"Invalid Api-Key ID."}
2026-01-29 21:00:18,822 - root - INFO - Scanning binance for new transactions...
2026-01-29 21:00:19,069 - root - ERROR - Error fetching transactions from binance: binance {"code":-2008,"msg":"Invalid Api-Key ID."}
2026-01-29 21:00:24,090 - root - INFO - Scanning binance for new transactions...
2026-01-29 21:00:24,337 - root - ERROR - Error fetching transactions from binance: binance {"code":-2008,"msg":"Invalid Api-Key ID."}
2026-01-29 21:00:29,353 - root - INFO - Scanning binance for new transactions...
2026-01-29 21:00:29,604 - root - ERROR - Error fetching transactions from binance: binance {"code":-2008,"msg":"Invalid Api-Key ID."}
2026-01-29 21:00:34,618 - root - INFO - Scanning binance for new transactions...
2026-01-29 21:00:34,867 - root - ERROR - Error fetching transactions from binance: binance {"code":-2008,"msg":"Invalid Api-Key ID."}
2026-01-29 21:00:39,884 - root - INFO - Scanning binance for new transactions...
2026-01-29 21:00:40,133 - root - ERROR - Error fetching transactions from binance: binance {"code":-2008,"msg":"Invalid Api-Key ID."}
2026-01-29 21:00:45,149 - root - INFO - Scanning binance for new transactions...
2026-01-29 21:00:45,399 - root - ERROR - Error fetching transactions from binance: binance {"code":-2008,"msg":"Invalid Api-Key ID."}
2026-01-29 21:00:50,415 - root - INFO - Scanning binance for new transactions...
2026-01-29 21:00:50,670 - root - ERROR - Error fetching transactions from binance: binance {"code":-2008,"msg":"Invalid Api-Key ID."}
2026-01-29 21:00:55,686 - root - INFO - Scanning binance for new transactions...
2026-01-29 21:00:55,927 - root - ERROR - Error fetching transactions from binance: binance {"code":-2008,"msg":"Invalid Api-Key ID."}
2026-01-29 21:01:00,943 - root - INFO - Scanning binance for new transactions...
2026-01-29 21:01:01,187 - root - ERROR - Error fetching transactions from binance: binance {"code":-2008,"msg":"Invalid Api-Key ID."}
2026-01-29 21:01:06,205 - root - INFO - Scanning binance for new transactions...
2026-01-29 21:01:06,458 - root - ERROR - Error fetching transactions from binance: binance {"code":-2008,"msg":"Invalid Api-Key ID."}
2026-01-29 21:01:11,472 - root - INFO - Scanning binance for new transactions...
2026-01-29 21:01:11,719 - root - ERROR - Error fetching transactions from binance: binance {"code":-2008,"msg":"Invalid Api-Key ID."}
2026-01-29 21:01:16,736 - root - INFO - Scanning binance for new transactions...
2026-01-29 21:01:16,981 - root - ERROR - Error fetching transactions from binance: binance {"code":-2008,"msg":"Invalid Api-Key ID."}
2026-01-29 21:01:22,002 - root - INFO - Scanning binance for new transactions...
2026-01-29 21:01:22,250 - root - ERROR - Error fetching transactions from binance: binance {"code":-2008,"msg":"Invalid Api-Key ID."}
2026-01-29 21:01:27,264 - root - INFO - Scanning binance for new transactions...
2026-01-29 21:01:27,511 - root - ERROR - Error fetching transactions from binance: binance {"code":-2008,"msg":"Invalid Api-Key ID."}
2026-01-29 21:01:32,526 - root - INFO - Scanning binance for new transactions...
2026-01-29 21:01:32,779 - root - ERROR - Error fetching transactions from binance: binance {"code":-2008,"msg":"Invalid Api-Key ID."}
2026-01-29 21:01:37,794 - root - INFO - Scanning binance for new transactions...
2026-01-29 21:01:38,042 - root - ERROR - Error fetching transactions from binance: binance {"code":-2008,"msg":"Invalid Api-Key ID."}
2026-01-29 21:01:43,057 - root - INFO - Scanning binance for new transactions...
2026-01-29 21:01:43,303 - root - ERROR - Error fetching transactions from binance: binance {"code":-2008,"msg":"Invalid Api-Key ID."}
2026-01-29 21:01:48,318 - root - INFO - Scanning binance for new transactions...
2026-01-29 21:01:48,568 - root - ERROR - Error fetching transactions from binance: binance {"code":-2008,"msg":"Invalid Api-Key ID."}
2026-01-29 21:01:53,584 - root - INFO - Scanning binance for new transactions...
2026-01-29 21:01:53,834 - root - ERROR - Error fetching transactions from binance: binance {"code":-2008,"msg":"Invalid Api-Key ID."}
2026-01-29 21:01:58,852 - root - INFO - Scanning binance for new transactions...
2026-01-29 21:01:59,096 - root - ERROR - Error fetching transactions from binance: binance {"code":-2008,"msg":"Invalid Api-Key ID."}
2026-01-29 21:02:04,110 - root - INFO - Scanning binance for new transactions...
2026-01-29 21:02:04,357 - root - ERROR - Error fetching transactions from binance: binance {"code":-2008,"msg":"Invalid Api-Key ID."}
2026-01-29 21:02:09,374 - root - INFO - Scanning binance for new transactions...
2026-01-29 21:02:09,616 - root - ERROR - Error fetching transactions from binance: binance {"code":-2008,"msg":"Invalid Api-Key ID."}
2026-01-29 21:02:14,630 - root - INFO - Scanning binance for new transactions...
2026-01-29 21:02:14,868 - root - ERROR - Error fetching transactions from binance: binance {"code":-2008,"msg":"Invalid Api-Key ID."}
2026-01-29 21:02:19,885 - root - INFO - Scanning binance for new transactions...
2026-01-29 21:02:20,174 - root - ERROR - Error fetching transactions from binance: binance {"code":-2008,"msg":"Invalid Api-Key ID."}
2026-01-29 21:02:25,189 - root - INFO - Scanning binance for new transactions...
2026-01-29 21:02:25,434 - root - ERROR - Error fetching transactions from binance: binance {"code":-2008,"msg":"Invalid Api-Key ID."}
2026-01-29 21:02:30,449 - root - INFO - Scanning binance for new transactions...
2026-01-29 21:02:30,697 - root - ERROR - Error fetching transactions from binance: binance {"code":-2008,"msg":"Invalid Api-Key ID."}
2026-01-29 21:02:35,713 - root - INFO - Scanning binance for new transactions...
2026-01-29 21:02:35,959 - root - ERROR - Error fetching transactions from binance: binance {"code":-2008,"msg":"Invalid Api-Key ID."}
2026-01-29 21:02:40,974 - root - INFO - Scanning binance for new transactions...
2026-01-29 21:02:41,225 - root - ERROR - Error fetching transactions from binance: binance {"code":-2008,"msg":"Invalid Api-Key ID."}
2026-01-29 21:02:46,239 - root - INFO - Scanning binance for new transactions...
2026-01-29 21:02:46,486 - root - ERROR - Error fetching transactions from binance: binance {"code":-2008,"msg":"Invalid Api-Key ID."}
2026-01-29 21:02:51,500 - root - INFO - Scanning binance for new transactions...
2026-01-29 21:02:51,748 - root - ERROR - Error fetching transactions from binance: binance {"code":-2008,"msg":"Invalid Api-Key ID."}
2026-01-29 21:02:56,762 - root - INFO - Scanning binance for new transactions...
2026-01-29 21:02:57,007 - root - ERROR - Error fetching transactions from binance: binance {"code":-2008,"msg":"Invalid Api-Key ID."}
2026-01-29 21:03:02,022 - root - INFO - Scanning binance for new transactions...
2026-01-29 21:03:02,263 - root - ERROR - Error fetching transactions from binance: binance {"code":-2008,"msg":"Invalid Api-Key ID."}
2026-01-29 21:03:07,281 - root - INFO - Scanning binance for new transactions...
2026-01-29 21:03:07,530 - root - ERROR - Error fetching transactions from binance: binance {"code":-2008,"msg":"Invalid Api-Key ID."}
2026-01-29 21:03:12,545 - root - INFO - Scanning binance for new transactions...
2026-01-29 21:03:12,786 - root - ERROR - Error fetching transactions from binance: binance {"code":-2008,"msg":"Invalid Api-Key ID."}
2026-01-29 21:03:17,804 - root - INFO - Scanning binance for new transactions...
2026-01-29 21:03:18,052 - root - ERROR - Error fetching transactions from binance: binance {"code":-2008,"msg":"Invalid Api-Key ID."}
2026-01-29 21:03:23,068 - root - INFO - Scanning binance for new transactions...
2026-01-29 21:03:23,316 - root - ERROR - Error fetching transactions from binance: binance {"code":-2008,"msg":"Invalid Api-Key ID."}
2026-01-29 21:03:28,331 - root - INFO - Scanning binance for new transactions...
2026-01-29 21:03:28,579 - root - ERROR - Error fetching transactions from binance: binance {"code":-2008,"msg":"Invalid Api-Key ID."}
2026-01-29 21:03:33,595 - root - INFO - Scanning binance for new transactions...
2026-01-29 21:03:33,838 - root - ERROR - Error fetching transactions from binance: binance {"code":-2008,"msg":"Invalid Api-Key ID."}
2026-01-29 21:03:38,853 - root - INFO - Scanning binance for new transactions...
2026-01-29 21:03:39,102 - root - ERROR - Error fetching transactions from binance: binance {"code":-2008,"msg":"Invalid Api-Key ID."}
2026-01-29 21:03:44,116 - root - INFO - Scanning binance for new transactions...
2026-01-29 21:03:44,361 - root - ERROR - Error fetching transactions from binance: binance {"code":-2008,"msg":"Invalid Api-Key ID."}
2026-01-29 21:03:49,376 - root - INFO - Scanning binance for new transactions...
2026-01-29 21:03:49,626 - root - ERROR - Error fetching transactions from binance: binance {"code":-2008,"msg":"Invalid Api-Key ID."}
2026-01-29 21:03:54,641 - root - INFO - Scanning binance for new transactions...
2026-01-29 21:03:54,893 - root - ERROR - Error fetching transactions from binance: binance {"code":-2008,"msg":"Invalid Api-Key ID."}
2026-01-29 21:03:59,907 - root - INFO - Scanning binance for new transactions...
2026-01-29 21:04:00,157 - root - ERROR - Error fetching transactions from binance: binance {"code":-2008,"msg":"Invalid Api-Key ID."}
2026-01-29 21:04:05,176 - root - INFO - Scanning binance for new transactions...
2026-01-29 21:04:05,425 - root - ERROR - Error fetching transactions from binance: binance {"code":-2008,"msg":"Invalid Api-Key ID."}
2026-01-29 21:04:10,441 - root - INFO - Scanning binance for new transactions...
2026-01-29 21:04:10,689 - root - ERROR - Error fetching transactions from binance: binance {"code":-2008,"msg":"Invalid Api-Key ID."}
2026-01-29 21:04:15,703 - root - INFO - Scanning binance for new transactions...
2026-01-29 21:04:15,952 - root - ERROR - Error fetching transactions from binance: binance {"code":-2008,"msg":"Invalid Api-Key ID."}
2026-01-29 21:04:20,967 - root - INFO - Scanning binance for new transactions...
2026-01-29 21:04:21,216 - root - ERROR - Error fetching transactions from binance: binance {"code":-2008,"msg":"Invalid Api-Key ID."}
2026-01-29 21:04:26,231 - root - INFO - Scanning binance for new transactions...
2026-01-29 21:04:26,471 - root - ERROR - Error fetching transactions from binance: binance {"code":-2008,"msg":"Invalid Api-Key ID."}
2026-01-29 21:04:31,487 - root - INFO - Scanning binance for new transactions...
2026-01-29 21:04:31,731 - root - ERROR - Error fetching transactions from binance: binance {"code":-2008,"msg":"Invalid Api-Key ID."}
2026-01-29 21:04:36,747 - root - INFO - Scanning binance for new transactions...
2026-01-29 21:04:36,998 - root - ERROR - Error fetching transactions from binance: binance {"code":-2008,"msg":"Invalid Api-Key ID."}
2026-01-29 21:04:42,012 - root - INFO - Scanning binance for new transactions...
2026-01-29 21:04:42,261 - root - ERROR - Error fetching transactions from binance: binance {"code":-2008,"msg":"Invalid Api-Key ID."}
2026-01-29 21:04:47,277 - root - INFO - Scanning binance for new transactions...
2026-01-29 21:04:47,530 - root - ERROR - Error fetching transactions from binance: binance {"code":-2008,"msg":"Invalid Api-Key ID."}
2026-01-29 21:04:52,546 - root - INFO - Scanning binance for new transactions...
2026-01-29 21:04:52,798 - root - ERROR - Error fetching transactions from binance: binance {"code":-2008,"msg":"Invalid Api-Key ID."}
2026-01-29 21:04:57,813 - root - INFO - Scanning binance for new transactions...
2026-01-29 21:04:58,060 - root - ERROR - Error fetching transactions from binance: binance {"code":-2008,"msg":"Invalid Api-Key ID."}
2026-01-29 21:05:03,076 - root - INFO - Scanning binance for new transactions...
2026-01-29 21:05:03,335 - root - ERROR - Error fetching transactions from binance: binance {"code":-2008,"msg":"Invalid Api-Key ID."}
2026-01-29 21:05:08,352 - root - INFO - Scanning binance for new transactions...
2026-01-29 21:05:08,604 - root - ERROR - Error fetching transactions from binance: binance {"code":-2008,"msg":"Invalid Api-Key ID."}
2026-01-29 21:05:13,619 - root - INFO - Scanning binance for new transactions...
2026-01-29 21:05:13,867 - root - ERROR - Error fetching transactions from binance: binance {"code":-2008,"msg":"Invalid Api-Key ID."}
2026-01-29 21:05:18,883 - root - INFO - Scanning binance for new transactions...
2026-01-29 21:05:19,129 - root - ERROR - Error fetching transactions from binance: binance {"code":-2008,"msg":"Invalid Api-Key ID."}
2026-01-29 21:05:24,144 - root - INFO - Scanning binance for new transactions...
2026-01-29 21:05:24,385 - root - ERROR - Error fetching transactions from binance: binance {"code":-2008,"msg":"Invalid Api-Key ID."}
2026-01-29 21:05:29,402 - root - INFO - Scanning binance for new transactions...
2026-01-29 21:05:29,670 - root - ERROR - Error fetching transactions from binance: binance {"code":-2008,"msg":"Invalid Api-Key ID."}
2026-01-29 21:05:34,685 - root - INFO - Scanning binance for new transactions...
2026-01-29 21:05:34,937 - root - ERROR - Error fetching transactions from binance: binance {"code":-2008,"msg":"Invalid Api-Key ID."}
2026-01-29 21:05:39,954 - root - INFO - Scanning binance for new transactions...
2026-01-29 21:05:40,202 - root - ERROR - Error fetching transactions from binance: binance {"code":-2008,"msg":"Invalid Api-Key ID."}
2026-01-29 21:05:45,217 - root - INFO - Scanning binance for new transactions...
2026-01-29 21:05:45,467 - root - ERROR - Error fetching transactions from binance: binance {"code":-2008,"msg":"Invalid Api-Key ID."}
2026-01-29 21:05:50,485 - root - INFO - Scanning binance for new transactions...
2026-01-29 21:05:50,731 - root - ERROR - Error fetching transactions from binance: binance {"code":-2008,"msg":"Invalid Api-Key ID."}
2026-01-29 21:05:55,746 - root - INFO - Scanning binance for new transactions...
2026-01-29 21:05:55,992 - root - ERROR - Error fetching transactions from binance: binance {"code":-2008,"msg":"Invalid Api-Key ID."}
2026-01-29 21:06:01,010 - root - INFO - Scanning binance for new transactions...
2026-01-29 21:06:01,260 - root - ERROR - Error fetching transactions from binance: binance {"code":-2008,"msg":"Invalid Api-Key ID."}
2026-01-29 21:06:06,275 - root - INFO - Scanning binance for new transactions...
2026-01-29 21:06:06,519 - root - ERROR - Error fetching transactions from binance: binance {"code":-2008,"msg":"Invalid Api-Key ID."}
2026-01-29 21:06:11,541 - root - INFO - Scanning binance for new transactions...
2026-01-29 21:06:11,793 - root - ERROR - Error fetching transactions from binance: binance {"code":-2008,"msg":"Invalid Api-Key ID."}
2026-01-29 21:06:16,807 - root - INFO - Scanning binance for new transactions...
2026-01-29 21:06:17,058 - root - ERROR - Error fetching transactions from binance: binance {"code":-2008,"msg":"Invalid Api-Key ID."}
2026-01-29 21:06:22,073 - root - INFO - Scanning binance for new transactions...
2026-01-29 21:06:22,320 - root - ERROR - Error fetching transactions from binance: binance {"code":-2008,"msg":"Invalid Api-Key ID."}
2026-01-29 21:06:27,338 - root - INFO - Scanning binance for new transactions...
2026-01-29 21:06:27,586 - root - ERROR - Error fetching transactions from binance: binance {"code":-2008,"msg":"Invalid Api-Key ID."}
2026-01-29 21:06:32,601 - root - INFO - Scanning binance for new transactions...
2026-01-29 21:06:32,847 - root - ERROR - Error fetching transactions from binance: binance {"code":-2008,"msg":"Invalid Api-Key ID."}
